Ticker,MMBuy,MMSell,AI1-Average,AI1-AskAmt,AI1-AskPrice,AI1-AskAvail,AI1-BidAmt,AI1-BidPrice,AI1-BidAvail,CI1-Average,CI1-AskAmt,CI1-AskPrice,CI1-AskAvail,CI1-BidAmt,CI1-BidPrice,CI1-BidAvail,CI2-Average,CI2-AskAmt,CI2-AskPrice,CI2-AskAvail,CI2-BidAmt,CI2-BidPrice,CI2-BidAvail,NC1-Average,NC1-AskAmt,NC1-AskPrice,NC1-AskAvail,NC1-BidAmt,NC1-BidPrice,NC1-BidAvail,NC2-Average,NC2-AskAmt,NC2-AskPrice,NC2-AskAvail,NC2-BidAmt,NC2-BidPrice,NC2-BidAvail,IC1-Average,IC1-AskAmt,IC1-AskPrice,IC1-AskAvail,IC1-BidAmt,IC1-BidPrice,IC1-BidAvail
AAR,,,16000,48,16000,877,1,15100,161,14500,110,14500,606,,,0,20000,,,0,,,0,16000,192,16000,1492,9,14000,127,6765.330078125,3,16200,3,,,0,14800,70,14800,70,,,0
ABH,,,49800,198,49800,2122,50,47000,917,46000,64,49000,220,297,46000,301,46000,,,0,,,0,42300,140,47900,739,62,42300,909,24074.48046875,5,60000,5,,,0,49827.0703125,50,54700,206,37,50000,542
ACS,,,130000,4,170000,29,10,130000,38,140000,4,150000,5,1,140000,3,74556.703125,,,0,,,0,120000,9,130000,16,2,120000,2,74556.703125,1,124000,1,,,0,180000,5,140000,5,,,0
ADE,,,47800,14,47800,1617,156,45300,442,41100,5,44900,191,5,41100,96,43000,,,0,,,0,39000,30,44800,724,142,39000,554,21210.509765625,7,60000,7,,,0,44700,26,44500,861,98,40600,315
ADR,70000,,81000,1,90000,11,2,81000,102,100000,1,150000,1,100,70000,100,60000,,,0,,,0,82000,34,120000,44,7,82000,127,29108.779296875,,,0,,,0,70000,25,100000,30,100,70000,100
ADS,,,119000,5,119000,352,3,90100,27,120000,84,120000,105,,,0,250000,,,0,,,0,113000,1,118000,383,2,113000,14,55055.921875,1,128000,1,,,0,120000,71,120000,236,3,60000,13
AEF,,,5909.330078125,20,5990,1021,172,4300,739,5000,874,5000,1874,35,4700,925,4000,,,0,,,0,5750,7,5750,1405,100,4240,1036,4500,197,4500,197,,,0,5800,240,5800,719,100,3100,300
AEN,,,2500000,1,2600000,1,,,0,1000000,,,0,,,0,974291.3125,,,0,1,1000000,1,2500000,,,0,1,2500000,5,974291.3125,,,0,,,0,974291.3125,,,0,,,0
AFP,,,134241.84375,,,0,,,0,134241.84375,,,0,,,0,134241.84375,,,0,,,0,30000,,,0,,,0,134241.84375,,,0,,,0,134241.84375,,,0,,,0
AFR,,,20000,8,28000,57,50,20000,99,19500,,,0,20,16000,20,7797.1201171875,,,0,,,0,23000,5,23000,46,49,18000,49,7797.1201171875,,,0,,,0,20000,,,0,,,0
AGS,,,499385,1,499000,2,2,250000,2,499000,1,598000,2,,,0,500000,,,0,,,0,450000,1,480000,9,,,0,219398.5,,,0,,,0,799000,1,599000,3,,,0
AHP,,,9500,800,9000,2052,,,0,11900,397,13000,397,,,0,5547.2099609375,,,0,,,0,10000,1,10000,2487,100,8500,300,5547.2099609375,,,0,,,0,14500,37,12900,237,1,10000,21
AIR,200000,,200000,15,201000,127,100,200000,123,200000,10,201000,11,100,200000,100,90993.921875,,,0,,,0,200000,4,201000,14,100,200000,100,90993.921875,,,0,,,0,200000,10,201000,14,100,200000,112
AL,,,919,320,919,116282,1000,832,19751,1050,1674,1050,46366,250,950,7048,950,100,1200,100,12,950,15,989,104,989,67989,16,863,39651,1300,30,1200,150,,,0,945,100,945,34485,560,864,5214
ALE,,,1300,368,1300,17429,15,1280,9053,1100,769,1200,19906,200,850,1000,1300,100,1500,100,,,0,1270,103,1270,21062,40,1220,6983,1380,44,1380,1117,20,1000,20,1260,120,1150,15351,820,1100,3875
ALG,,,251,4847,270,52111,300,252,10185,310,1817,310,9774,8206,250,10884,250,,,0,,,0,319,200,318,62341,9936,250,10846,100,,,0,1000,200,1000,292.9800109863281,276,295,12431,886,260,29692
ALO,42,,141,886,160,102569,8181,141,32562,200,266,200,34793,200,151,12135,199,325,199,2113,,,0,200,712,200,110715,2678,183,43658,200,916,240,17144,,,0,130,6000,180,33237,405,130,2653
ALR,,,1343.8399658203125,,,0,,,0,1343.8399658203125,,,0,,,0,1343.8399658203125,,,0,,,0,1343.8399658203125,,,0,,,0,1343.8399658203125,,,0,,,0,1343.8399658203125,,,0,,,0
AMM,61,,170,300,165,24945,264,115,8933,110,500,109,119501,597,90.19999694824219,947,100,541,100,2084,50,95,50,149,372,149,114589,94,111,85582,90,500,100,3773,1914,90,1914,120,6900,120,36098,197,105,22720
ANZ,,,70600.546875,,,0,,,0,70600.546875,,,0,,,0,70600.546875,,,0,,,0,70600.546875,,,0,,,0,70600.546875,,,0,,,0,70600.546875,,,0,,,0
APT,,,16500,98,17000,587,200,12200,200,20000,100,20000,143,,,0,6935.35009765625,,,0,,,0,15000,,,0,,,0,6935.35009765625,,,0,,,0,50000,100,20000,101,,,0
AR,,,180,3025,180,42247,820,130,35742,154,610,154,136000,300,132,12600,200,260,200,260,1000,150,1000,223,307,223,29218,1829,150,12929,400,200,270,200,,,0,251.7100067138672,1224,252,10321,50,175,3687
ARP,,,10000,43,10000,121,,,0,8500,,,0,,,0,4639.3798828125,,,0,,,0,8500,98,8500,101,,,0,4639.3798828125,,,0,,,0,4639.3798828125,,,0,,,0
ASE,,,41500,50,41500,541,30,40000,834,39100,46,43000,218,29,39100,338,42000,,,0,10,33000,10,35100,66,38000,865,87,35100,762,19526.619140625,10,48000,10,,,0,43800,18,42000,528,42,33100,138
AST,,,3200,292,3100,1965,8,2580,3942,3750,40,3700,128,836,2010,937,1626.449951171875,100,10000,100,,,0,4300,160,3900,9481,1000,2000,1002,2000,,,0,,,0,2500,16,4900,32,936,2500,936
ATA,,,25700,4,28400,786,6,25700,184,24100,47,26500,234,47,24100,135,1600,,,0,,,0,23000,132,26000,897,113,23000,312,15767.91015625,10,38000,10,,,0,28800,44,28000,538,6,25000,86
ATP,,,9000,,,0,196,9000,196,30000,,,0,,,0,12361,,,0,,,0,35000,,,0,,,0,12361,,,0,,,0,25000,3,25000,3,,,0
AU,,,1800,900,1800,8733,39,1660,1200,1510,10,1590,1243,728,1510,1503,950,,,0,,,0,1200,25,1400,25174,1497,1200,3326,998,20,998,71,,,0,1240,3,1500,3993,967,1230,1124
AUO,137,,450,1818,450,24624,500,351,10081,153,652,325,5111,656,153,1012,225,,,0,900,225,900,310.55999755859375,2129,350,30470,158,310,16366,270,21,280,21,,,0,225,390,225,3135,1917,155,2017
AWF,,,5500,13,5800,243,50,5500,50,5900,17,5900,105,,,0,2940.56005859375,,,0,,,0,5000,27,6000,441,28,5000,128,2940.56005859375,5,5950,5,,,0,6000,3,6000,13,,,0
AWH,,,16600,200,17500,1039,100,16500,100,12500,200,24000,225,,,0,8377.23046875,,,0,,,0,19000,97,19000,217,37,10000,137,8377.23046875,,,0,,,0,25000,200,24800,229,,,0
BAC,,,2000,26,2000,4718,129,1530,579,2261.639892578125,70,2390,581,,,0,1276.02001953125,,,0,,,0,1900,60,1900,6708,442,1780,1942,1276.02001953125,10,2250,10,,,0,2200,200,2280,5055,50,2000,80
BAI,,,17000,48,18000,48,3,17000,424,17000,5,19000,5,95,17000,97,6790,,,0,,,0,18000,36,18000,56,38,17000,269,6790,,,0,,,0,20000,,,0,100,17000,100
BBH,750,2900,2900,100,2900,100,66,2500,1490,2890,34,2890,1434,8,2880,1176,2540,,,0,30,2000,69,2897.080078125,100,2900,223,3,2820,4140,2900,24,2900,828,10,1900,59,2890,100,2900,100,7,2800,488
BCO,,,660,50,650,7915,929,625,3429,800,500,799,8448,50,650,17634,660,,,0,,,0,700,282,700,22289,1000,610,13001,640,200,747,200,,,0,680.6300048828125,550,682,6990,1000,550,2500
BDE,850,2700,2700,100,2700,103,52,2250,1183,2690,18,2690,120,204,2600,935,2000,100,2800,100,,,0,2695.7900390625,100,2700,1610,4,2460,2174,2700,488,2700,508,50,2000,50,2100,4,2690,104,13,2100,1448
BE,,,1450,480,1450,25472,196,1300,1009,1480,30,1650,5023,964,1480,1486,2900,42,2900,142,,,0,1600,290,1600,42061,927,1510,4729,1700,18,1700,18,,,0,1740,730,1650,10846,200,1500,200
BEA,84,,368,427,368,12644,7229,340,8429,301,112,337,15392,62,301,6248,250,,,0,,,0,307,100,320,37154,83,307,11034,250,44,300,595,181,250,1181,300,489,339,33770,8247,300,21544
BER,,,490,5000,488,47994,2500,400,7500,500,325,500,22611,600,400,600,500,,,0,,,0,275,3462,364,66796,1000,300,24065,117.55000305175781,50,551,50,,,0,250,250,380,21526,500,175,500
BFP,,,18000,2,25000,2,,,0,22000,1,25000,1,,,0,20224.419921875,,,0,,,0,24000,,,0,,,0,20224.419921875,,,0,,,0,20224.419921875,2,25000,2,,,0
BFR,,,3500,1,3510,27,14,3500,14,6000,5,5800,26,,,0,2515.219970703125,,,0,,,0,4100,14,4000,26,,,0,2515.219970703125,,,0,,,0,9800,1,10000,1,,,0
BGC,,,649,170,649,19327,100,621,9798,715,1000,714,7501,1500,600,2964,600,36,600,36,,,0,600,100,668,10908,500,575,3000,500,100,720,100,,,0,503.67999267578125,340,725,1342,1000,501,1350
BGO,,,2780,39,2840,12737,215,2550,3754,2759.840087890625,134,2890,378,200,2400,738,2000,,,0,,,0,2240,140,2300,5460,108,2240,4306,2300,50,2500,60,,,0,2390,32,2390,1441,50,2010,350
BGS,,,218000,1,218000,4,1,160000,1,199000,6,199000,6,,,0,87483.4765625,,,0,,,0,200000,1,199000,6,,,0,87483.4765625,,,0,,,0,199000,3,199000,32,1,1,1
BHP,,,4600,25,4250,3545,55,3270,492,3800,45,3800,1793,50,2610,265,1500,,,0,,,0,3740,1156,3730,14193,58,2800,1758,3700,53,3700,138,,,0,4440,18,4440,1224,38,3700,221
BID,,,109000,14,80000,147,,,0,3000,10,100000,20,,,0,24534.48046875,,,0,,,0,100000,6,100000,26,,,0,24534.48046875,,,0,,,0,24534.48046875,10,100000,10,,,0
BL,,,7000,100,8000,442,100,6000,100,7500,100,8000,580,100,7500,300,4500,,,0,,,0,6646.33984375,16,7900,265,56,6000,230,2975.580078125,,,0,,,0,8000,3,8900,53,53,5500,53
BLE,,,1700,5,2200,2522,75,1700,661,2100,356,2100,2759,100,1000,100,1800.1600341796875,,,0,,,0,2400,6,2290,1557,200,1800,400,1800.1600341796875,,,0,,,0,300,330,2300,975,46,300,46
BMF,,,30000,66,30000,386,20,27000,309,32000,4,32000,66,1,28000,1,10932.1796875,,,0,5,22000,5,29800,25,29800,455,10,28000,165,10932.1796875,1,31000,1,,,0,31000,1,31000,108,47,25000,57
BND,,,150,3482,225,4482,,,0,300,200,325,200,,,0,269.8999938964844,,,0,,,0,200,886,225,886,71,200,81,500,,,0,,,0,190,,,0,,,0
BOR,,,317,6310,450,26350,125,317,7720,618,26,618,5135,100,330,150,300,,,0,300,225,300,550,868,550,28480,236,360,2087,75,10,550,10,50,130,250,301,,,0,482,301,782
BOS,,,5340,7,5100,590,60,3270,602,4875,12,4800,40,,,0,3250,,,0,,,0,4990,800,4600,2336,270,3810,1020,1907.8199462890625,,,0,,,0,2910,191,5000,191,,,0
BPT,,,4000,6,17000,6,,,0,8000,,,0,,,0,2205.449951171875,,,0,,,0,8000,145,8000,2134,,,0,2205.449951171875,,,0,,,0,8000,,,0,,,0
BR1,,,940000,1,940000,18,1,750000,6,600000,1,790000,13,1,500000,1,1300000,,,0,,,0,850000,1,879000,9,1,500000,1,252956.640625,,,0,,,0,900000,3,950000,11,1,450000,2
BR2,,,899000,2,899000,8,,,0,949000,2,949000,6,1,900000,1,1300000,,,0,,,0,899500,2,900000,6,,,0,339977.96875,,,0,,,0,900000,2,1600000,4,,,0
BRM,,,170.4499969482422,500,200,8548,117,170,1061,163.1199951171875,1000,370,10949,1000,150,1000,270,3165,200,16907,1000,91,1000,250,2600,250,20676,3704,166,34240,200,87,250,287,,,0,180,173,180,4547,120,172,220
BRO,,,2600,90,3000,2825,96,2060,484,3500,89,3500,89,20,2010,45,829.989990234375,7,2500,7,,,0,1900,63,2350,1978,273,1900,778,829.989990234375,,,0,,,0,2740,169,2740,1689,9,1000,9
BRP,,,5000,72,5990,96,30,4000,30,6000,5,6000,5,,,0,2656.760009765625,,,0,,,0,5500,240,5200,244,,,0,2656.760009765625,,,0,,,0,2656.760009765625,,,0,,,0
BRS,,,600000,,,0,4,200000,4,420000,1,1000000,1,1,200000,3,126513.0703125,,,0,,,0,420000,1,420000,1,1,150000,1,126513.0703125,,,0,,,0,450000,,,0,,,0
BSC,,,48000,20,54000,60,49,48000,145,50000,32,52000,32,20,40000,25,14471.7197265625,,,0,,,0,50000,98,52000,98,,,0,14471.7197265625,1,52000,1,,,0,50000,12,54000,52,,,0
BSE,425,1900,1900,100,1900,115,8,1860,9296,1890,2791,1890,2911,115,1810,1900,1600,,,0,4,1600,130,1900,100,1900,218,131,1840,5897,1900,6,1900,899,50,1500,50,1890,88,1890,188,100,1830,3416
BSU,,,555194,,,0,,,0,555194,,,0,,,0,555194,,,0,,,0,555194,,,0,,,0,555194,,,0,,,0,555194,,,0,,,0
BTA,,,1790,738,1790,838,7,1550,779,1600,124,1790,224,40,1600,856,1580,17,1580,534,,,0,1740,56,1740,2821,14,1710,2258,1550,9,1550,554,3,1100,53,1790,34,1790,134,49,815,225
BTS,,,372,2370,470,38074,210,372,6158,489,9901,489,38164,250,342,1782,100.3499984741211,,,0,,,0,250,2890,400,40841,604,250,12604,100.3499984741211,100,529,100,,,0,405,10969,395,17256,2000,305,5500
BWH,,,9500,80,9500,120,,,0,5000,24,6400,148,,,0,3002.35009765625,,,0,,,0,3250,,,0,73,3250,73,3002.35009765625,,,0,,,0,9000,69,4250,69,,,0
BWS,,,24900,2,24900,457,42,23000,634,22800,52,21800,155,,,0,30000,,,0,5,22000,5,24000,242,24000,972,7,20000,203,8590.1298828125,1,23000,1,,,0,36000,12,36000,13,,,0
C,,,937,320,937,82747,34,936,28497,852,261,880,26559,322,852,24310,827.5,400,900,892,500,601,1100,944,608,944,89347,400,915,47767,820,154,820,1542,647,700,647,790,222,810,84255,484,790,41758
CA,,,600,14,1000,47,100,600,100,800,119,800,156,50,100,50,101,,,0,,,0,207,134,1200,461,1621,207,1821,991.1799926757812,15,1000,15,,,0,100,14,949,893,98,100,98
CAF,,,1300,619,1300,8477,,,0,1390,78,1390,7171,10,950,2126,1000,,,0,,,0,1438.5999755859375,1298,1490,6241,10,1310,5619,776.280029296875,,,0,500,1000,500,1300,100,1290,13141,20,1100,1733
CAP,,,371,455,371,4687,100,260,1387,277,78,319,1048,,,0,141.97000122070312,,,0,,,0,218.74000549316406,1423,324,9423,28,208,28,141.97000122070312,100,250,100,,,0,300,400,340,980,100,100,100
CBL,,,92000,10,92000,20,100,91000,100,95000,,,0,100,91000,100,88000,3,91000,3,,,0,94650,17,94700,84,122,91100,372,43652.0703125,5,92000,5,,,0,91000,14,100000,284,100,91000,100
CBM,,,72000,48,72000,48,10,66000,140,66776.7578125,,,0,100,63000,100,29521.830078125,,,0,,,0,64000,2,70000,2,15,64000,115,29521.830078125,5,69900,5,,,0,63000,,,0,100,63000,100
CBS,,,42000,18,44000,53,100,42000,100,42000,21,43000,21,100,42000,100,17911.099609375,5,50000,5,,,0,42000,55,43000,55,100,42000,100,17911.099609375,10,43000,10,,,0,42000,5,43800,5,100,42000,100
CBU,,,380000,1,400000,69,10,350000,10,390000,50,410000,102,,,0,173954.71875,,,0,,,0,360000,1,400000,89,2,360000,2,173954.71875,,,0,,,0,380000,50,410000,104,20,360000,20
CC,650000,,650000,1,2000000,1,100,650000,100,650000,1,675000,2,100,650000,100,330828.71875,,,0,,,0,650000,5,750000,5,100,650000,100,330828.71875,,,0,,,0,650000,,,0,100,650000,100
CCD,,,80000,48,80200,68,100,80000,100,80000,11,80200,285,100,80000,100,27557.33984375,,,0,,,0,80071.8515625,98,81000,398,100,80000,100,27557.33984375,,,0,,,0,80000,100,80100,110,100,80000,100
CD,,,13000,2,25000,32,6,11000,73,20000,4,20000,4,,,0,7880.33984375,,,0,,,0,13200,,,0,10,12000,109,7880.33984375,10,13200,10,,,0,13200,,,0,,,0
CF,,,6640,379,7400,1850,24,6640,1254,7633.330078125,4,7880,170,1000,4710,1279,5000,,,0,,,0,7457.14013671875,3,7400,1761,1000,6360,2141,7850,7,7850,7,,,0,7000,28,7000,416,1000,5510,1120
CHA,,,30000,,,0,7,30000,37,45000,3,60000,3,,,0,20987.94921875,,,0,,,0,100000,26,100000,26,20,57000,22,20987.94921875,,,0,,,0,12500,5,120000,5,,,0
CL,,,4000,222,3990,19041,100,3400,6908,3996.3798828125,802,4000,22437,800,3310,4855,4000,26,4000,86,180,2300,180,3800,29,3900,17434,200,3450,5405,3000,59,4000,59,,,0,4396.2900390625,4086,4400,6450,451,3220,2871
CLI,51,,246.7899932861328,301,245,82415,22,104,13246,248,545,245,38612,24,200,5151,250,180,250,180,400,170,2400,254,150,239,21824,30,200,5099,375,123,375,131,,,0,110,2,160,11580,608,110,1840
COF,,,896,330,896,47485,1000,840,11961,800,470,800,23813,25,785,9578,1500,55,1500,55,500,700,501,844,49,844,57902,60,781,10716,855,345,855,345,,,0,815,1313,815,43209,1000,760,35060
COM,,,120000,3,120000,136,3,102000,21,128000,12,128000,118,2,120000,18,250000,,,0,,,0,124375,72,128000,72,9,80100,25,37311.390625,1,116000,1,,,0,128000,43,128000,49,5,100000,5
COT,,,2900,978,3000,5696,665,2900,1411,2600,2,2900,1239,10,2610,2012,3000,,,0,,,0,3290,315,3290,2391,1000,2500,2020,4000,3,4000,3,,,0,2690,82,2690,4615,10,2550,339
CPU,,,1425662.875,,,0,,,0,1425662.875,,,0,,,0,1425662.875,,,0,,,0,1425662.875,,,0,,,0,1425662.875,,,0,,,0,1425662.875,,,0,,,0
CQL,,,1890000,1,1890000,4,,,0,1890000,1,2130000,3,,,0,1000000,,,0,,,0,2000000,4,2000000,4,,,0,634922,,,0,,,0,2100000,,,0,1,1,1
CQM,,,1000000,1,1230000,5,,,0,1290000,1,1300000,3,,,0,875000,,,0,,,0,1050000,3,1050000,6,1,850000,3,481565,,,0,,,0,800000,1,1200000,4,,,0
CQS,,,897000,3,850000,6,,,0,899000,1,1100000,1,2,600000,4,800000,,,0,1,600000,1,750000,4,750000,15,,,0,378392,,,0,,,0,799000,1,799000,8,,,0
CQT,,,549000,1,549000,1,,,0,150000,1,320000,2,2,100000,2,250000,,,0,,,0,275000,2,278000,3,4,100000,4,107709.6171875,,,0,,,0,310000,1,500000,1,,,0
CRU,,,799000,1,800000,1,100,200000,100,200000,,,0,100,200000,100,139245.9375,,,0,,,0,1000000,5,1000000,5,1,300000,101,139245.9375,,,0,,,0,139245.9375,,,0,100,200000,100
CST,,,2250,38,2250,136,,,0,2400,130,2400,147,,,0,2912.7099609375,,,0,,,0,2480,27,2480,90,,,0,2912.7099609375,,,0,,,0,1690,,,0,,,0
CTF,,,17500,70,19000,603,100,17200,310,18000,18,20000,38,5,14000,5,16000,,,0,,,0,18300,186,25000,186,50,18000,300,10081.8896484375,10,20500,10,,,0,17000,12,20000,12,48,16000,48
CU,,,2000,159,1990,15628,97,1610,3563,1730,198,2160,4177,46,1730,1342,1400,,,0,,,0,1700,50,1780,10597,14,1700,6113,2250,8,2250,8,,,0,2100,152,2100,776,200,1300,599
CUO,,,400,303,399,8631,500,325,24450,666.97998046875,90,700,290,130,188,2422,425,346,375,346,100,164,600,369,94,409,7029,401,214,11989,600,26,600,26,,,0,188.33999633789062,500,374,5735,1007,180,4942
DA,,,46000,10,59200,20,9,45000,131,49000,9,49000,26,5,48000,5,45000,,,0,,,0,50000,9,69000,9,5,47500,47,26101.83984375,,,0,,,0,41800,10,55000,19,10,50000,10
DCH,,,27000,1,28000,226,100,27000,110,19000,,,0,1,27000,1,8990.330078125,,,0,,,0,24486.83984375,50,24000,100,50,22000,172,8990.330078125,,,0,,,0,8990.330078125,,,0,10,20000,10
DCL,,,6500,278,6500,975,49,6000,1665,5500,20,5890,748,50,5250,50,3482.080078125,,,0,,,0,6845.75,214,6900,799,266,5800,948,3482.080078125,10,6790,10,,,0,5000,10,7990,25,,,0
DCM,,,4500,100,4600,1893,8,4500,1279,4010,20,4960,225,300,4310,2640,3500,,,0,,,0,4700,4,4790,2749,100,4700,1920,4900,,,0,,,0,4400,,,0,170,4400,1256
DCS,,,1820,118,1800,4904,1000,1700,5054,1797.260009765625,74,1850,730,300,1600,2528,1500,,,0,,,0,2120,153,2110,5266,286,1780,2844,846.72998046875,50,1840,50,,,0,1491.25,479,2300,519,34,1470,984
DD,,,36000,1,40000,16,5,36700,9,44400,6,44400,6,,,0,25000,3,25000,4,,,0,38900,11,38900,27,1,36000,1,26608.73046875,,,0,,,0,30000,,,0,,,0
DDT,,,2596.830078125,150,2590,14545,11,2450,2153,3380,87,3380,3155,20,1500,4598,100,144,3500,495,,,0,2800,681,2800,18044,4,2300,2761,2500,,,0,,,0,3548.97998046875,446,3850,1931,6,2600,5959
DEC,,,14000,72,33900,379,2,14000,2,17650,40,17000,189,,,0,9362,,,0,,,0,20900,170,20900,843,26,17000,276,9362,,,0,,,0,15400,2,15600,2,,,0
DIS,,,14000,59,14000,59,,,0,7700,39,8800,49,2,4700,2,5454.77001953125,17,9500,17,,,0,9000,50,7000,50,,,0,5454.77001953125,10,9000,10,,,0,6500,13,6500,13,,,0
DOU,,,449000,1,449000,3,,,0,101902.6328125,1,450000,1,,,0,101902.6328125,,,0,,,0,260000,1,450000,1,,,0,101902.6328125,,,0,,,0,275000,,,0,,,0
DRF,,,5007.72021484375,5,5200,576,17,5010,448,5500,36,6000,204,,,0,3014.18994140625,,,0,,,0,5000,82,5500,196,34,5000,34,3014.18994140625,,,0,,,0,6400,97,6400,97,49,5000,94
DV,,,14000,1,14000,88,1,13000,1,22000,2,20000,4,1,10000,1,15000,2,15000,2,,,0,14000,3,14000,53,3,13000,3,12317.7900390625,,,0,,,0,15000,,,0,,,0
DW,19,121,112,8398,112,302541,19252,111,290036,107,9303,107,243604,56,106,156266,110,,,0,20,100,10021,115,615,115,234425,1000,110,222327,105,3924,105,4893,311,95,2760,100,54,100,167666,205,97.30000305175781,532425
EBU,,,210000,47,230000,97,1,163000,3,210000,46,230000,96,,,0,90493.8203125,,,0,,,0,230000,44,230000,94,8,200000,10,90493.8203125,,,0,,,0,210000,39,230000,89,11,200000,11
EDC,8000,,8010,9,9000,364,818,8010,918,8000,15,8100,141,100,8000,100,11000,2,11000,3,,,0,8000,6,9890,115,100,8000,100,8211.8603515625,,,0,,,0,8000,10,11200,10,100,8000,100
EES,,,55000,92,55000,832,,,0,55000,5,55000,61,,,0,75000,2,75000,7,,,0,41000,15,43900,62,,,0,48394.19921875,,,0,,,0,69700,2,69500,13,,,0
ENG,,,1100000,1,1100000,4,1,850000,1,989000,5,989000,19,,,0,365225.5625,,,0,,,0,975000,1,1000000,5,1,350000,1,365225.5625,,,0,,,0,1000000,1,1000000,2,1,550000,1
EPO,,,178,2237,178,426938,10200,167,423462,161.61000061035156,2400,165,144600,10000,163,175499,175,,,0,,,0,166,700,170,460302,30000,167,260286,170,550,165,12960,,,0,171,5100,171,101323,25000,166,187823
ES,,,1490,560,1490,6137,100,1240,1460,1380.9300537109375,1126,1390,28356,50,1040,1547,1650,100,2000,100,,,0,1210,17,1410,19868,293,1210,1293,1875.3499755859375,20,1440,20,,,0,1619.93994140625,873,1640,1325,200,1200,1050
ETC,,,24000,14,24000,214,4,12000,4,17500,4,20000,4,,,0,15000,,,0,,,0,20000,,,0,50,11100,55,10235.5302734375,,,0,,,0,20000,27,20000,27,8,8900,8
EXO,,,357,264,357,9305,477,306,20697,275,148,275,17102,6,245,9960,350,600,300,1000,,,0,329,1215,329,13459,50,288,16920,310,23,310,2888,,,0,335,292,335,15399,4889,251,17080
F,,,6000,50,6000,50,100,1000,400,1500,100,4400,400,200,1550,315,1000,,,0,,,0,2000,6932,2000,16411,203,1600,403,222.22000122070312,1000,2900,7010,,,0,2300,180,2300,1772,500,310,600
FAL,,,1900,3,1900,3688,114,1730,273,2822.860107421875,40,2840,378,1000,1520,2096,1025.3900146484375,,,0,,,0,2856.0400390625,600,2580,2308,100,1780,1100,1025.3900146484375,,,0,,,0,2680,29,2680,387,1000,1500,1082
FAN,,,2240,239,2240,2050,3,1860,1175,2100,265,2100,1381,,,0,971.9500122070312,,,0,,,0,1900,74,2140,1778,266,1900,816,1000,10,2250,10,,,0,2200,82,2200,82,,,0
FC,,,4500,32,9000,32,95,4500,1101,4500,,,0,415,4500,589,2253.139892578125,,,0,,,0,4600,12,4870,2055,15,4600,440,2253.139892578125,,,0,,,0,4200,1,5460,6,2000,4210,2168
FE,,,911,201,995,20851,425,911,1594,870,36,889,3805,50,865,8623,500,,,0,,,0,801,61,955,15390,162,801,3697,850,82,850,1010,25,700,33,701,60,874,5781,106,701,2670
FEO,32,,200,149,250,35448,524,200,7749,189,149,189,3956,100,120,2578,99,,,0,60,60,1013,199,74,194,15274,10,120,48014,80,258,80,6624,,,0,135,100,148,4099,4230,135,10263
FET,,,2990,85,2990,4413,71,2760,2125,2510,88,3290,254,916,2510,1031,1610.8499755859375,,,0,,,0,3270,170,3270,7542,20,2770,1590,1610.8499755859375,,,0,,,0,3500,152,3500,352,1000,2500,1010
FF,9,24,17,194269,17,1512934,454,16.600000381469727,252055,16.5,5342,16.5,1140850,4428,15.899999618530273,276515,19,305,18.899999618530273,186345,30,16,33385,16.899999618530273,13172,16.899999618530273,1906074,300,16.5,281659,19.5,13171,19.399999618530273,70363,161,19,24888,17,112815,17,1213363,2896,16.899999618530273,574058
FFC,,,260000,3,260000,16,100,240000,100,280000,3,280000,5,100,240000,100,143944.21875,,,0,,,0,255000,1,255000,22,100,240000,100,143944.21875,,,0,,,0,279000,1,279000,15,100,240000,100
FIM,,,2490,2546,2490,25256,680,2070,6691,2000,483,2100,6648,1996,2000,10248,4000,20,4000,20,,,0,2150,2554,2150,35378,835,2010,8997,1900,419,2500,419,,,0,2060.35009765625,740,2040,10532,3358,1930,16199
FIR,,,1200000,1,1300000,2,,,0,1400000,1,1400000,1,,,0,560757.5,,,0,,,0,969000,2,796000,5,,,0,560757.5,,,0,,,0,560757.5,2,1400000,2,,,0
FLO,,,24747.279296875,1,23000,184,,,0,27500,62,28500,62,,,0,10142.9501953125,,,0,,,0,21000,2,23000,2,1,21000,1,10142.9501953125,,,0,,,0,30000,54,35000,100,,,0
FLP,,,601,364,640,1429,19,601,1647,742,78,745,78,,,0,200,100,600,100,500,300,600,625,12,623,14295,270,610,4978,600,48,600,366,,,0,678,156,678,3914,14,430,116
FLX,,,225,6949,225,60249,80,179,33995,190,8270,190,58046,300,125,23678,200,100,250,100,,,0,160,618,177,73957,1707,160,54827,300,653,300,654,,,0,122.63999938964844,650,155,58696,746,110,31246
FOD,,,409,4399,450,13227,164,409,4385,488,422,488,1703,,,0,290,,,0,,,0,474,371,474,1551,208,330,9172,170.30999755859375,,,0,500,400,500,450,393,450,393,89,400,7282
FSE,,,1059307.25,2,1160000,11,1,700000,11,1470000,1,999000,12,1,650000,7,424890.125,,,0,,,0,975000,1,1000000,7,1,700000,2,424890.125,,,0,,,0,950000,1,1480000,5,2,650000,2
FUN,,,249000,10,249000,14,10,160000,10,150000,2,250000,2,,,0,59529.46875,,,0,,,0,165000,2,199000,4,,,0,59529.46875,,,0,,,0,150000,,,0,,,0
GAL,57,,309,812,310,15040,300,162,6598,123,157,144,51808,299,123,5719,160,2319,150,9286,,,0,175,299,233,15762,188,175,4728,140,500,200,510,,,0,298.3699951171875,1000,299,90651,500,250,21581
GC,,,336.5199890136719,763,340,6260,747,265,12947,349,1008,349,2235,100,250,995,153.66000366210938,,,0,,,0,317,4697,317,26989,700,250,2700,153.66000366210938,10,399,10,,,0,293.489990234375,2000,348,4604,886,280,1886
GCH,,,2100,3,14500,3,,,0,20000,,,0,,,0,20158.630859375,,,0,,,0,25000,1,8000,13,,,0,20158.630859375,,,0,,,0,8000,1,8000,8,,,0
GEN,,,163000,4,200000,24,,,0,80000,2,220000,7,,,0,250399.71875,,,0,,,0,270000,1,270000,4,1,165000,3,250399.71875,,,0,,,0,195000,5,200000,15,1,1,1
GIN,,,1580,1000,1580,29540,112,1440,1890,1650,255,1650,8702,50,1400,50,1990,,,0,,,0,1590,912,1590,10577,200,1400,2949,2400,500,1900,610,500,1300,500,1393.0999755859375,10,1400,5748,38,1310,888
GL,,,400,2204,400,42271,50,375,121538,545,780,539,9359,200,355,104112,300,200,400,400,,,0,330,860,418,36199,253,330,123913,298.44000244140625,105,300,817,,,0,405,151,405,12472,76,255,110163
GNZ,,,8000,,,0,,,0,45000,6,45000,6,,,0,43005.87890625,,,0,,,0,1500,,,0,,,0,43005.87890625,,,0,,,0,43005.87890625,,,0,,,0
GRA,,,3360,2836,3360,3063,68,2870,4690,3800,276,3800,278,4,3770,1334,4200,,,0,,,0,3000,12,3000,8012,103,2810,2719,1267.97998046875,,,0,,,0,3093.93994140625,912,3290,2065,20,2630,2408
GRN,86,,311,822,314,64778,79,311,5574,275,2,325,17509,1000,276,7981,185,100,400,100,,,0,343,4137,343,60802,209,300,15309,325,24,350,2201,865,325,865,242,4,243,63081,9193,242,28526
GV,,,2040,40,2200,2764,65,2040,788,2100,10,2200,444,,,0,1032.550048828125,,,0,,,0,2320,21,2320,885,51,1900,1051,1032.550048828125,10,2440,10,,,0,2600,3,2750,107,200,1900,1700
GWS,,,5287697,,,0,1,7000000,1,5287697,,,0,,,0,5287697,,,0,,,0,5287697,,,0,,,0,5287697,,,0,,,0,5287697,,,0,,,0
H,50,,138,4196,138,203337,14,136,24666,114,9934,114,238655,240,111,146153,115,773,115,773,5000,100,10000,136,650,136,180291,10,126,65456,95,2164,105,2164,4660,95,4660,112,4144,112,91344,37720,108,167619
H2O,,,40,381185,40,1985325,816549,39.900001525878906,2386996,39.900001525878906,351116,40,1182435,366811,39.900001525878906,501044,40,4164,40,4164,1000,10,1000,40,38587,40,1653555,966100,39.900001525878906,1031461,41,400,41,5347,7255,40,17275,39.79999923706055,7765,39.79999923706055,1358606,61829,35.099998474121094,1297789
HAB,,,140000,5,135000,11,,,0,125000,2,125000,6,,,0,53396.4609375,,,0,,,0,118000,5,117000,48,,,0,53396.4609375,,,0,,,0,109650,6,110000,14,,,0
HAL,,,397,2701,397,67657,100,351,18575,447,7230,447,67883,1000,331,8877,300,2450,300,2950,500,151,500,400,145,400,68467,160,310,26425,260,191,260,341,,,0,300,680,700,13820,50,320,7402
HAM,,,2820045.25,1,7000000,1,,,0,2820045.25,1,6900000,1,,,0,2820045.25,,,0,,,0,2820045.25,,,0,,,0,2820045.25,,,0,,,0,2820045.25,,,0,,,0
HCB,,,3480000,1,4000000,1,1,3100000,12,3800000,1,3870000,3,2,1000000,2,1697969.375,,,0,,,0,4000000,,,0,,,0,1697969.375,,,0,,,0,3895000,1,4000000,1,,,0
HCC,,,739.4000244140625,910,740,3960,4,701,15094,900,548,900,684,5000,602,5000,640,,,0,,,0,749,1460,749,8325,1300,600,6020,620,100,800,100,,,0,699,1370,724,2653,25,680,4025
HCP,88,,280,91,310,118776,2988,280,13088,358,460,358,41388,2359,300,13014,350,,,0,,,0,325,196,325,75203,58,320,16834,250,200,350,200,1000,300,1000,309,12,300,46076,7660,263,40293
HD,,,2450,551,2700,2841,50,2500,220,2640,214,2600,2490,1,2000,1,1598.2900390625,50,4000,50,,,0,2650,52,2650,7503,400,2000,900,1598.2900390625,30,2800,30,,,0,2500,10,2500,2409,,,0
HE,75,,114,94,111,54010,1285,105,37435,112,280,111,32973,17,100,3026,125,263,350,263,,,0,115,675,127,283852,5949,88.0999984741211,135022,65,2371,90,5245,,,0,135.75,1090,140,77997,50,115,1350
HE3,,,399,1000,395,25676,40,110,8162,246.3000030517578,2042,300,27547,,,0,400,,,0,15,350,15,256,2569,329,42802,786,256,9810,460,20,942,20,1000,220,1000,248.00999450683594,950,300,10913,1000,209,3418
HER,,,2700,139,2700,12104,100,2200,2145,2270,199,2270,10291,500,2010,3334,2000,,,0,,,0,2250,909,2250,31387,786,2000,4433,3250,350,2400,350,200,1750,200,2260,110,2260,16871,787,2020,8428
HEX,,,2000,13444,2000,20668,10,1000,10,2000,7156,2000,7199,10,1000,10,41.13999938964844,,,0,,,0,2000,3487,2000,3487,10,1000,10,41.13999938964844,,,0,,,0,41.13999938964844,1771,2000,1771,10,1000,88
HHP,,,5000,2,5000,72,,,0,3000,100,7000,100,,,0,3363.27001953125,,,0,,,0,250,675,4990,775,,,0,3363.27001953125,,,0,,,0,3363.27001953125,100,7000,100,,,0
HMS,,,1960,333,1960,13361,200,1650,4136,1950,115,1950,7851,200,1710,1089,1950,1158,1950,2053,,,0,1940,25,1940,13409,30,1800,6826,2280,26,2280,526,,,0,2080,1281,2080,12677,6,1550,1351
HNZ,,,75000,,,0,,,0,99120.1015625,1,100000,2,,,0,99120.1015625,,,0,,,0,99120.1015625,,,0,,,0,99120.1015625,,,0,,,0,99120.1015625,,,0,,,0
HOG,,,7800,31,7800,91,27,7140,143,8000,14,7500,15,50,7000,55,3903.239990234375,,,0,,,0,7000,50,18000,50,50,6500,50,6500,20,7500,20,,,0,10000,37,10000,37,,,0
HOP,,,2040,514,2040,1810,30,2000,1462,2210,244,2500,344,375,2210,2177,2400,69,2400,69,,,0,2350,147,2840,3739,272,2350,2622,819.739990234375,,,0,,,0,2362,24,2800,2756,500,1530,1264
HPC,,,26000,10,27000,30,10,25000,10,25964.2890625,1,32900,66,10,25000,20,13081.349609375,,,0,,,0,26000,30,26900,32,8,26000,59,13081.349609375,2,28000,2,,,0,27000,1,27000,10,5,26000,5
HPR,,,800000,3,800000,7,,,0,800000,3,800000,6,,,0,1750000,,,0,,,0,800000,3,800000,10,,,0,728695.4375,,,0,,,0,800000,1,800000,5,,,0
HSE,,,13600,30,13600,1557,9,12800,891,18845.830078125,15,18900,123,1,18100,82,12000,,,0,,,0,13900,16,13900,1196,1,13500,533,12000,,,0,30,5000,30,13900,2,13900,708,1,11500,177
HSS,,,3190,16,3190,3649,10,2560,787,2330,72,2330,1889,200,1850,431,2000,100,2100,2000,,,0,2380,73,2380,5901,100,2200,2539,2000,20,2400,290,,,0,2490,152,2490,4215,20,2300,418
HTE,,,3500000,1,4200000,4,1,1020000,2,3250000,1,4500000,2,,,0,1697055.625,,,0,,,0,4995000,,,0,,,0,1697055.625,,,0,,,0,4000000,1,5000000,1,,,0
HYR,,,1700000,2,1700000,9,,,0,1750000,1,1500000,3,,,0,1389100.25,,,0,,,0,1750000,1,1750000,6,,,0,1389100.25,,,0,,,0,1750000,1,1750000,6,1,1,1
I,,,1400,15,1400,6796,317,750,317,950,18,950,1416,269,511,3629,1500,,,0,,,0,910,424,1020,5914,1102,910,2630,300,20,1110,20,,,0,769,477,769,2403,408,450,908
IDC,11000,,11000,3005,11100,3015,100,11000,100,11000,352,11100,725,100,11000,100,10313.0595703125,,,0,,,0,12100,94,12100,428,500,11100,600,10313.0595703125,10,15400,10,,,0,11000,9,11100,509,100,11000,100
IMM,,,110000,1,110000,10,10,100000,10,68600,20,120000,50,,,0,68180.15625,,,0,,,0,110000,13,110000,21,8,100000,8,68180.15625,,,0,,,0,68180.15625,,,0,,,0
IND,,,4000,15,3990,755,62,3800,662,3210,38,4840,555,62,3210,77,1977.280029296875,,,0,,,0,3845.6298828125,226,3850,2518,500,3010,1500,1977.280029296875,,,0,,,0,2260,74,4600,259,500,2270,770
INS,,,154,1474,154,480858,1000,140,194072,153,2096,153,181429,1000,145,141512,160,700,160,26837,,,0,163,2054,163,123405,8,150,166374,170,243,170,922,,,0,174,4017,174,86113,1100,150,138644
JUI,,,1,1,98000,2,,,0,1,29,100000,309,,,0,1098.260009765625,280,100000,280,,,0,1,1,99000,1,1,1,1,1098.260009765625,,,0,,,0,30000,119,30000,122,,,0
KOM,,,906,677,906,7783,27,905,15288,899,799,899,12469,11,846,4304,999,292,999,1292,500,750,500,888,601,888,39940,400,852,18470,1000,1000,1000,1000,50,600,50,824,552,824,40568,139,741,18214
KR,,,500,30,418,1760,,,0,240,84,240,6238,,,0,133.3300018310547,320,500,320,,,0,418,1640,415,11660,,,0,133.3300018310547,,,0,,,0,420,199,420,7472,500,150,500
KRE,,,14000,66,25000,66,99,14000,99,40000,1,41000,1,100,17000,100,15410.6201171875,,,0,,,0,40000,55,35000,135,,,0,15410.6201171875,,,0,,,0,15410.6201171875,,,0,,,0
KV,,,26000,95,28000,1142,50,26100,383,30947.220703125,6,29000,223,100,25200,425,2000,,,0,,,0,28700,24,28700,667,118,27900,969,13533.4599609375,10,34000,10,,,0,25200,52,28900,511,64,25200,275
LBH,,,4657.81982421875,269,4670,6282,138,4100,2840,5170,66,5170,658,100,3820,803,4500,,,0,,,0,5020,25,5020,2597,296,4610,1901,5400,1,5400,401,10,4500,10,4850,80,4850,2318,16,4500,223
LC,,,6200,32,6200,1502,5,4640,247,4200,500,4750,2539,100,3700,100,3176.93994140625,24,9000,64,,,0,5000,253,5000,3612,496,4200,496,3176.93994140625,10,5000,95,,,0,5280,713,5280,3705,12,4600,22
LCB,,,700000,1,900000,3,1,650000,10,800000,1,1000000,2,,,0,330133.84375,,,0,,,0,725000,5,725000,12,1,310000,3,330133.84375,,,0,,,0,950000,1,990000,2,1,650000,1
LCR,,,1840,22,5400,71,106,1840,229,1800,,,0,10,1800,10,2948.300048828125,,,0,,,0,4000,263,4000,283,20,1800,20,2948.300048828125,,,0,,,0,1800,,,0,10,1800,10
LD,,,12000,29,12000,31,5,11000,839,11900,21,11900,310,40,7800,40,5092.5,,,0,,,0,12300,60,12300,155,87,10000,237,5092.5,,,0,,,0,10000,,,0,,,0
LDE,,,11228.169921875,30,11300,1439,98,10500,1526,11000,11,11000,254,4,9620,1053,10000,,,0,,,0,9920,242,10900,4003,51,9920,2654,11400,10,11400,210,10,6500,10,11600,98,11600,559,12,11000,1111
LDI,,,550,168,500,2910,1941,102,2441,645,174,647,4189,1,325,1,282.5799865722656,,,0,,,0,413.45001220703125,1000,590,10034,696,400,696,375,20,740,20,,,0,678,752,678,1052,100,550,100
LES,,,1980,162,1980,2174,12,900,2212,1180,3,1400,436,395,900,585,228.57000732421875,50,1500,150,,,0,1280,29,1280,7568,500,900,1079,228.57000732421875,,,0,,,0,1430,238,1430,624,,,0
LFE,,,165500,,,0,10,155000,20,172000,3,172000,17,10,150000,10,75255.75,,,0,,,0,181000,1,181000,19,2,170000,13,75255.75,,,0,,,0,179000,1,182000,45,10,150000,12
LFL,,,469000,1,469000,9,1,250000,1,387000,1,349000,19,2,240000,2,122472.078125,,,0,,,0,350000,1,340000,12,1,250000,1,122472.078125,,,0,,,0,442000,1,441000,3,1,250000,1
LFP,,,15000,,,0,55,3570,88,9000,21,9000,25,18,3000,18,7366.35009765625,,,0,,,0,9000,,,0,,,0,7366.35009765625,,,0,4,10000,4,7000,,,0,,,0
LHP,,,3380,20,3380,5728,39,2600,3106,3500,86,3500,1712,138,2810,163,3600,61,3600,1411,,,0,3540,53,3540,4863,100,3310,1307,3000,8,3000,164,,,0,3010,242,3450,2320,136,3000,528
LI,,,2378.72998046875,100,2440,8725,100,1920,6317,2020,368,2200,368,496,2020,5357,1200,,,0,,,0,2360,806,2360,2197,260,2030,6768,472.2900085449219,100,2190,100,,,0,1950,538,1950,1327,2000,1800,5490
LIO,,,494,623,425,21032,500,376,6104,466.20001220703125,200,465,2136,20,400,1472,200,,,0,,,0,420,831,420,4908,300,302,15405,68.5999984741211,,,0,100,100,100,400,5675,445,6595,500,350,2435
LIS,450000,,475000,10,475000,12,5,451000,105,450000,4,499000,6,2,451000,102,255694.21875,,,0,,,0,451000,14,475000,20,1,451000,101,255694.21875,,,0,,,0,450000,15,475000,15,100,450000,100
LIT,,,16000,2,18000,361,,,0,19900,398,19900,869,,,0,13529.1103515625,,,0,,,0,18900,34,18600,296,,,0,13529.1103515625,,,0,,,0,14500,100,19600,1800,,,0
LOG,68000,,68100,163,68100,220,100,68000,120,68000,48,68100,101,100,68000,107,65000,,,0,,,0,69437.5,346,69000,1094,100,68000,100,28013.400390625,1,69700,1,,,0,68000,10,68100,20,100,68000,120
LSE,,,10000,280,10000,2484,75,9500,2021,9900,14,9900,1414,2,9150,1052,9000,25,10000,81,,,0,9680,24,9670,2793,100,9100,3067,10300,34,10000,314,10,8000,10,9390,98,9390,1005,150,8800,470
LSL,,,415000,1,497000,3,,,0,300000,1,489000,6,,,0,204785.046875,,,0,,,0,420000,4,480000,4,,,0,204785.046875,,,0,,,0,500000,1,400000,2,,,0
LST,34,,160,1094,200,25071,455,160,53069,146,1242,200,5172,2775,146,86162,120,183,150,2737,,,0,193,592,193,44339,679,161,44531,110,1423,110,13466,2029,100,2029,250,182,250,7103,175,150,38677
LTA,,,4692.7001953125,66,4690,1789,4,4300,1382,4450,263,4450,815,4,3350,1436,3800,15,3800,215,,,0,4090,439,4090,2177,3,4060,1441,3800,137,3800,221,10,3500,10,4560,5,4560,991,6,3600,253
LU,,,135000,2,149000,3,,,0,80000,,,0,,,0,62066.01953125,,,0,,,0,120000,,,0,13,90100,52,62066.01953125,,,0,,,0,140000,,,0,,,0
MAG,,,400,106,400,6256,598,326,1390,349,18,349,531,169,121,269,117.55000305175781,14,300,14,,,0,250,38,250,3218,500,170,3100,117.55000305175781,10,350,10,,,0,104,36,350,551,364,104,464
MAI,86,,290,4038,325,77897,9587,290,10221,301,7431,340,22367,1944,301,6828,400,40,400,40,,,0,350,200,366,44336,1488,350,16385,300,100,380,100,939,300,939,262,262,265,30606,7354,250,8864
MB,,,8985.400390625,169,9950,1769,100,8000,883,8632.009765625,3,9000,123,1000,7510,1081,8000,,,0,,,0,7260,30,8400,883,973,7260,1476,8400,,,0,,,0,625,18,9000,18,,,0
MCB,,,349000,1,400000,1,,,0,380000,1,379000,2,,,0,166644.328125,,,0,1,175000,1,320000,1,329000,5,,,0,166644.328125,,,0,,,0,350000,,,0,1,275000,1
MCG,12,39,38.900001525878906,13452,38.900001525878906,36885,120,38.79999923706055,352641,35.560001373291016,135,35.599998474121094,88742,200,25.399999618530273,96853,34,1728,34,7606,100,30,980,38.900001525878906,2336,38.900001525878906,4540,400,38.29999923706055,192516,28,638,36,11124,935,28,7762,38.79999923706055,151,38.79999923706055,5567,40,37,36374
MEA,,,4070,671,4070,16077,33,3120,3235,3400,447,3400,7191,1000,3010,4821,5000,50,4000,70,,,0,3600,1502,3600,38131,990,3000,2990,5000,20,3900,20,,,0,2916.47998046875,40,3290,16573,500,2900,2869
MED,,,1340,68,1340,14891,22,1220,5432,1480,384,1480,9293,183,1120,383,2000,,,0,,,0,1290,21,1290,6548,1000,1200,5311,1400,31,1400,774,25,1000,25,1280,83,1280,5533,31,1130,2360
MFE,,,95000,5,99000,28,2,86700,9,92000,14,92000,33,2,60000,2,43953.23046875,,,0,,,0,91900,2,91900,100,1,90000,5,43953.23046875,,,0,,,0,91000,13,91000,81,2,2,2
MFK,,,300,756,300,18894,36,293,124388,315,1461,315,9826,250,276,104912,220,,,0,1,22,1,320.4700012207031,2380,321,48315,1509,280,132117,200,21,200,934,,,0,319,836,319,5678,8,280,118428
MFL,,,237000,1,237000,3,,,0,300000,1,160000,3,,,0,61608.8515625,,,0,,,0,229000,8,230000,16,,,0,61608.8515625,,,0,,,0,298000,1,298000,3,,,0
MG,,,118,60,99.9000015258789,86022,93,86,63009,90,11157,90,60956,128,82,50963,60,,,0,,,0,105,8478,105,257351,468,85,130954,85,1230,80,1285,,,0,113,2480,113,18172,50,100,10714
MGC,,,16000,41,16000,111,,,0,14000,26,14000,34,,,0,8497.3798828125,,,0,,,0,20000,84,20000,99,,,0,8497.3798828125,27,20000,27,,,0,15000,2,15000,2,,,0
MGS,,,177,31,177,76962,1039,158,14433,349,1596,349,1664,50,120,5371,130,528,130,13420,,,0,248,220,249,11644,1946,145,4046,100,409,150,1330,10,100,10,150,15,150,1790,24,140,1687
MHL,,,5640,8,5590,3585,300,4360,2290,3985,46,4000,605,10,3810,310,2700,,,0,,,0,4610,18,4610,3718,39,4020,2546,3000,1,4900,134,,,0,4674.1201171875,44,4860,2583,1,2800,83
MHP,,,6000,38,6000,38,43,4590,580,4286.33984375,1,6500,1,,,0,2091.989990234375,166,4800,2216,,,0,5000,14,5000,107,,,0,2091.989990234375,10,5000,110,,,0,4800,113,4800,113,80,3000,80
MLI,,,25000,5,29900,11,34,25000,390,22000,,,0,4,17000,54,10185,,,0,,,0,25000,52,25000,74,25,24000,429,10185,,,0,,,0,22000,9,30000,9,,,0
MPC,,,1744.800048828125,277,1750,4046,418,1600,3018,1620,50,1950,1243,1,1600,651,655.6900024414062,,,0,,,0,1710,160,1810,1555,300,1710,2520,400,10,2600,10,,,0,1680,500,2000,500,,,0
MSL,,,189000,3,190000,14,1,163000,4,222000,1,224000,2,1,100000,1,82878.2578125,,,0,1,90000,1,195000,1,194000,15,1,180000,4,82878.2578125,,,0,,,0,218000,1,218000,2,,,0
MTC,,,1000,14,2400,14,,,0,2000,20,350,1755,,,0,446.2900085449219,,,0,,,0,369,250,369,1264,30,0.5,30,446.2900085449219,,,0,,,0,360,,,0,,,0
MTP,,,1000,1574,1800,11910,,,0,1640,227,1620,10653,,,0,3000,,,0,,,0,1880,912,1880,30678,326,1300,2326,1019.3400268554688,,,0,,,0,1500,167,1800,12783,,,0
MUS,,,250.69000244140625,210,289,58119,1000,251,11115,298,905,298,14688,55,242,6039,170.35000610351562,,,0,,,0,349,415,349,25132,9310,300,11009,170.35000610351562,,,0,,,0,257.4800109863281,3283,310,35057,9999,250,12575
MWF,,,200,489,399,4641,4,283,102106,398,246,349,1684,100000,1,100000,300,,,0,,,0,275,300,350,6900,100,275,104300,186.97999572753906,100,410,100,,,0,500,319,499,4269,100,30,100100
N,,,124,35466,125,191947,189680,124,301006,125,7305,125,38366,200,80.19999694824219,17287,130,213,130,213,1000,100,1500,115,6932,115,103938,5000,101,44179,90,107,97,107,900,90,900,130,4018,130,53138,1779,96,51159
NA,25,,25,4655,25.100000381469727,278135,100,25,100,37.25,118,40,2265,800,25.100000381469727,900,25.100000381469727,500,25.100000381469727,1000,412,1.100000023841858,5546,25.100000381469727,5549,25.100000381469727,125466,100,25,100,1,42,16,2441,4871,1,4871,25,43893,25.100000381469727,114938,100,25,100
NAB,,,100,440,150,440,1160,100,1160,148,,,0,5000,100,6630,150,62,150,62,,,0,100,3639,125,12349,1082,100,11491,70,980,140,980,180,70,180,135,310,135,904,,,0
NCS,,,49.5,981,49.5,125925,70,42,78136,39,20609,39,72987,10000,20,10000,90,992,90,1992,,,0,38,58550,38,790183,36541,37.099998474121094,175392,50,3450,50,3455,,,0,39,31440,39,291981,5000,32,10289
NE,150,,300,80056,300,88115,172,227,4477,488,103,488,4832,40,260,1390,300,,,0,,,0,279,187,279,12643,1108,244,5458,300,148,300,148,,,0,212,5700,212,101633,600,201,3648
NF,,,10800,10,10300,14,,,0,10400,,,0,,,0,5092.5,,,0,,,0,10400,36,14000,89,23,10400,23,5092.5,,,0,,,0,8000,,,0,,,0
NFI,,,19.399999618530273,10567,19.399999618530273,117313,3000,17,455467,25,900,25,49368,227378,15,357378,15,1000,20,1000,1000,8,1000,22,85,22,162156,2000,21,391405,18,9000,18,19000,1200,10,1200,50,4320,50,4332,50000,20,250000
NG,,,1200,100,1000,1030,50,850,292,1070,507,1070,3337,,,0,950,100,1300,100,,,0,1040,4798,1040,9262,295,880,1520,780.8099975585938,50,930,60,,,0,1000,15,1000,1347,200,655,210
NL,,,7770,15,7760,1240,13,6000,1735,5010,105,6250,1327,2,5010,845,5000,,,0,,,0,6590,74,6590,4246,100,5600,2644,5000,10,5960,10,,,0,6700,148,7000,1024,10,5500,572
NN,,,60000,51,60000,55,100,58000,419,57000,,,0,71,57000,291,30000,,,0,,,0,58000,10,58800,21,30,58000,218,29292.80078125,,,0,,,0,50000,,,0,100,57000,100
NOZ,,,16000,,,0,50,10000,50,35000,6,40000,6,,,0,43539.53125,,,0,,,0,40000,,,0,10,11000,10,43539.53125,,,0,,,0,43539.53125,,,0,,,0
NR,,,433.489990234375,1000,433,78290,8000,385,45450,370,9000,400,14313,2000,365,28100,350,500,600,500,,,0,408,20250,408,155034,5000,375,61000,197.2100067138672,,,0,,,0,339,10809,420,31053,4000,345,45227
NS,,,350,1285,350,48212,200,305,16574,300,341,300,29108,1724,181,2186,250,,,0,,,0,348,3144,348,51420,1596,300,17816,342,116,340,1876,,,0,580,728,549,13519,500,351,7103
NST,,,1790,1834,1790,2370,162,1220,165,1590,740,1590,1378,300,1210,300,1200,16,2500,16,,,0,1578.3299560546875,257,1590,2846,148,1240,948,1339.1300048828125,10,1570,212,,,0,1590,31,1590,837,20,1350,188
NUT,88,,306,236,360,6918,467,306,8333,260,52,359,5104,122,260,2434,250,10,300,10,,,0,376,35,376,13819,3505,370,18383,275,,,0,996,275,996,280,591,330,5811,181,280,16981
NV1,135000,,140000,2,140000,30,1,136000,101,172000,1,190000,10,5,136000,105,93389.109375,,,0,,,0,135000,1,139000,8,100,135000,100,93389.109375,,,0,,,0,135000,32,136000,40,100,135000,100
NV2,,,201428.5625,4,249000,30,100,200000,100,200000,1,350000,1,100,200000,100,129928.8828125,,,0,,,0,200000,15,250000,28,100,200000,100,129928.8828125,,,0,,,0,375000,9,375000,9,20,201000,120
O,,,98.80000305175781,1357,98.80000305175781,233727,946,88,61525,115,9,115,30467,125,99,20431,110,867,110,2286,100,100,10902,111,12140,111,449890,100,107,89032,100,2820,105,6455,1707,75,6707,124,7925,124,217825,2820,101,40528
OFF,,,111,1020,111,30635,7365,99,48515,104,970,104,7203,960,85,19043,120,,,0,,,0,112,2490,113,35057,4000,94,31321,100,1451,110,1451,,,0,128,4540,128,39488,327,117,43972
OLF,,,1500,150,2000,889,1074,1500,4600,2000,282,2000,282,,,0,949.47998046875,,,0,,,0,1100,8,2000,8,170,1100,664,949.47998046875,,,0,,,0,1100,,,0,451,1100,983
OS,,,46000,24,46000,523,10,45000,32,45000,1,50000,12,,,0,45000,,,0,,,0,47000,118,47000,126,10,45000,57,30207.76953125,,,0,,,0,55000,16,50000,16,,,0
OVE,,,139,290,139,38975,17,121,20271,124,75,124,20654,7,120,51331,125,3707,125,6707,648,101,1248,141,4406,141,36656,924,137,26994,130,590,130,11178,,,0,145,9210,145,29456,4327,115,38267
PBU,,,20000,78,20000,78,11,17200,19,19500,62,19500,262,5,16000,6,8070.330078125,,,0,,,0,20522.73046875,25,20500,213,30,17500,66,8070.330078125,,,0,5,10000,5,20000,79,20000,339,6,17000,176
PCB,,,2445.35009765625,55,2440,4240,4350,2350,4350,2500,100,2450,2105,1000,2030,3600,2300,,,0,,,0,2080,70,2470,2944,435,2080,2617,801.7100219726562,30,3390,30,,,0,2681.35009765625,10,2650,922,1000,1830,1431
PDA,,,2500,148,2500,4502,84,2350,226,2700,269,2700,1187,100,2400,349,3000,62,3000,62,50,2200,50,2390,555,2390,3688,50,2200,618,6000,50,2400,359,,,0,2850,98,2850,1364,97,2010,297
PE,,,9.010000228881836,6000,9.5,3244250,950,9.010000228881836,1002812,9.4399995803833,94100,9.430000305175781,4070377,7085,9.199999809265137,1950169,12,53,12,53,,,0,10.300000190734863,199207,10.300000190734863,5096082,8761,10,2931472,12.5,10000,11,24550,,,0,9.899999618530273,892,9.899999618530273,2165275,800,9,714206
PFE,,,927.8300170898438,240,1500,240,300,600,3037,529.9500122070312,25,1400,25,1000,650,1290,900,300,825,300,,,0,1380,280,1200,1426,100,200,100,500,20,899,20,309,500,309,300,270,1150,270,210,300,210
PFG,,,1968333.25,,,0,2,2200000,6,1968333.25,,,0,,,0,1968333.25,,,0,,,0,5000000,,,0,,,0,1968333.25,,,0,,,0,1968333.25,,,0,,,0
PG,,,52.900001525878906,26141,52.900001525878906,1039392,4000,50,293922,41.70000076293945,5000,47.5,460679,400,41.79999923706055,151951,55,10000,46,14082,,,0,50.400001525878906,120000,50.5,712211,500,44.29999923706055,945724,50,400,50,400,,,0,52,5000,50,234942,10000,41.70000076293945,276635
PIB,,,700,1280,700,1780,473,418,558,1450,19,1450,219,419,200,419,548.4000244140625,2000,700,2000,,,0,700,749,690,3190,100,150,100,548.4000244140625,2000,700,2000,,,0,700,1011,700,1087,13,100,13
PK,,,450,65,475,2313,1430,450,1430,999,364,999,1718,,,0,832.27001953125,,,0,,,0,600,500,950,933,1000,450,1000,832.27001953125,,,0,,,0,1350,312,980,594,,,0
POW,6000,,13500,62,13500,272,612,13000,712,14900,90,15000,371,100,10000,200,9500,,,0,,,0,13700,290,13700,530,500,13000,800,15400,,,0,,,0,14500,150,14500,202,10,9500,141
PPA,,,306,2020,340,4641,601,306,9422,100,99,400,111,65,250,65,300,,,0,,,0,348,170,347,6681,102,310,943,100,,,0,1000,220,1000,598,,,0,92,200,1974
PSH,,,10000,40,10300,4813,100,8000,1200,9500,13,9500,227,,,0,3810.2099609375,,,0,,,0,8000,33,12000,8033,32,9500,32,3810.2099609375,32,13000,32,,,0,9500,16,9500,964,,,0
PSL,,,4330,36,4330,1668,12,3820,838,4793.75,12,4800,76,12,3320,319,4500,,,0,,,0,4880,338,4880,4917,6,4010,1926,6000,84,6000,84,,,0,5280,148,5280,908,30,3100,30
PSM,,,2650,22,2780,488,200,2400,2513,2250,30,2530,576,500,2110,4254,2500,,,0,,,0,2500,96,2600,3770,750,2460,2120,1299.199951171875,35,3000,35,,,0,1520,74,2750,470,500,2110,2153
PSS,,,1260,41,1300,5121,304,1260,4294,1200,,,0,441,1200,941,450,,,0,,,0,1350,673,1350,7208,500,1260,5630,649.5999755859375,100,1600,100,,,0,1000,16,1400,38,1000,1110,3520
PT,,,547,225,547,17369,59,521,7806,510,477,510,9688,6,492,4012,480,870,480,2091,,,0,517,49,517,31676,1000,490,12319,550,242,550,242,13,450,13,514,1264,514,39578,10,490,12344
PWO,,,329,25,329,33645,88,309,11986,308,141,308,11366,25,282,5157,290,538,290,7076,,,0,335,448,335,20493,45,317,11414,330,330,330,5471,50,300,150,289,1502,340,35832,600,288,22325
QCR,,,900000,2,1250000,10,1,700000,1,944000,1,998000,6,1,760000,2,850000,,,0,,,0,950000,1,959000,6,1,900000,2,363299.75,,,0,,,0,1090000,1,970000,4,1,500000,1
RAD,,,17000,84,17000,576,16,15600,413,14100,,,0,16,14200,60,3698.6201171875,,,0,,,0,17800,418,17800,418,136,15500,665,3698.6201171875,10,14500,10,,,0,13000,1,17500,65,,,0
RAG,,,600000,1,700000,3,1,510000,2,600000,,,0,,,0,258128.515625,,,0,,,0,600000,1,900000,1,1,600000,2,258128.515625,,,0,,,0,580000,,,0,,,0
RAM,,,2900,76,2900,1573,1000,2500,1433,2750,150,2500,366,1,2000,21,1237.0899658203125,,,0,,,0,2950,186,2950,1471,168,2500,368,1600,10,3000,10,,,0,2880,722,2880,1385,,,0
RAT,32,176,172,1465,172,260920,1814,164,259381,160,1532,160,55747,503,159,398410,166,,,0,9990,145,15091,169,355,169,404685,100,164,778720,158.3800048828125,30,165,7008,338,145,3297,160,33711,160,554307,2199,156,592851
RBH,,,14758.1396484375,25,15700,1528,15,14000,1165,16500,5,16500,288,135,15100,236,19500,1,19500,11,,,0,17200,3,17200,2300,84,16000,1068,7924.009765625,40,25000,40,,,0,15100,17,15800,973,137,15100,237
RCO,400,,1090,169,1080,10412,80,939,923,1250,18,1100,2392,7,1010,1801,600,,,0,,,0,1200,3027,1200,9399,164,951,2464,1000,7,1450,7,100,920,1009,912,138,1050,6706,385,912,1702
RCS,,,180000,6,170000,9,8,160000,8,195000,1,400000,1,,,0,93545.6015625,,,0,,,0,180000,,,0,,,0,93545.6015625,,,0,,,0,210000,,,0,,,0
RCT,,,999000,1,999000,6,,,0,1200000,,,0,1,750000,4,1000000,,,0,,,0,1080000,1,1090000,3,2,1000000,2,354702.8125,,,0,,,0,1200000,1,1100000,2,,,0
RDE,,,31600,50,31500,1003,100,25000,200,34800,60,34700,490,6,28000,110,32500,2,27000,22,,,0,32000,99,32000,1244,174,27600,683,14309.6298828125,40,35000,40,,,0,33200,21,33100,168,8,28000,175
RDL,,,1000000,1,1180000,3,5,400000,5,800000,1,1400000,2,,,0,378604.3125,,,0,,,0,1500000,1,1500000,1,,,0,378604.3125,,,0,,,0,610000,1,1500000,1,,,0
RDS,,,310000,,,0,,,0,310000,,,0,1,775000,1,207901.15625,,,0,,,0,300000,,,0,,,0,207901.15625,,,0,,,0,310000,,,0,,,0
RE,,,3500,,,0,1,3500,1,632.5999755859375,,,0,,,0,632.5999755859375,,,0,,,0,632.5999755859375,,,0,,,0,632.5999755859375,,,0,,,0,632.5999755859375,,,0,,,0
REA,,,725,200,715,30545,1000,650,8173,1240,80,900,1856,80,579,80,500,100,1000,117,14,500,14,808,60,808,4913,500,677,14477,300,600,900,600,,,0,1200,1891,1190,2129,192,700,1092
RED,,,60000,10,70000,10,100,60000,100,60000,5,70000,5,100,60000,100,22634.3203125,,,0,,,0,60000,9,61000,56,100,60000,100,22634.3203125,,,0,,,0,60000,,,0,100,60000,100
REO,,,164.57000732421875,,,0,,,0,164.57000732421875,,,0,8,100,8,164.57000732421875,,,0,,,0,1000,,,0,1,411,1,164.57000732421875,,,0,,,0,164.57000732421875,,,0,,,0
REP,,,738,437,738,18923,100,711,7591,691,54,724,12946,313,691,1402,700,127,700,877,,,0,758,141,758,12467,30,756,10559,800,116,800,1116,50,600,50,749.3800048828125,2859,750,13331,169,745,10069
RG,,,1300,50,1290,4242,2000,1200,8856,1390,72,1390,1300,200,900,817,1200,,,0,,,0,1310,5,1310,25633,300,1010,10202,816.0700073242188,100,845,230,,,0,1171.3499755859375,70,1170,7269,200,1050,900
RGO,,,2500,3,2490,91,315,1800,405,2250,10,2250,130,100,1210,554,794.6500244140625,,,0,,,0,1700,41,2250,3645,52,1700,251,794.6500244140625,,,0,,,0,2000,44,2000,138,77,1000,77
RHP,,,3400,1181,3400,1593,42,2500,42,4670,44,4650,316,,,0,2691.989990234375,,,0,,,0,5000,,,0,72,5000,72,2691.989990234375,,,0,,,0,5000,40,5000,80,,,0
ROM,,,4600,256,4600,916,100,4100,578,4500,169,4500,373,100,3800,100,1901.5400390625,,,0,,,0,4294.7001953125,20,4290,2001,100,3950,960,1901.5400390625,10,4500,40,,,0,3800,40,3750,70,,,0
RSE,,,26300,264,26200,2158,1,25700,770,28000,101,28000,101,16,25000,368,25000,2,25000,12,,,0,25600,40,27000,685,44,25600,1204,11854.509765625,20,29000,69,,,0,27300,38,27200,455,13,25000,313
RSH,,,25000,200,29500,2702,301,25000,301,27400,9,27400,41,,,0,17252.720703125,,,0,,,0,29000,39,29000,5438,,,0,17252.720703125,38,40000,38,,,0,43000,18,39000,148,100,25000,100
RSI,,,500,587,500,2102,,,0,700,156,700,1094,22,550,32,681.4400024414062,,,0,,,0,1170,22,1170,5940,475,500,475,681.4400024414062,,,0,,,0,1000,173,1000,1769,,,0
RTA,,,16200,24,16200,786,20,13100,667,15300,77,15300,270,20,12500,192,17300,4,17300,4,,,0,16500,62,16500,1199,218,13600,25896,8976.76953125,40,20000,40,,,0,15500,10,15500,484,12,14000,243
S,,,223,92,223,15185,609,120,3550,233,260,233,3483,,,0,250,120,250,320,,,0,190,2556,190,31823,2144,142,5144,145,,,0,100,145,100,100,1460,125,3357,100,50,100
SA,,,12000,94,12000,94,6,9000,96,9000,,,0,10,9000,11,3395,,,0,,,0,12400,23,12400,35,1,10000,11,3395,,,0,,,0,27500,66,15000,66,10,9000,10
SAL,,,8660.5595703125,10,9500,131,10,8500,391,6500,110,9800,323,10,9000,30,3395,,,0,,,0,10800,86,10800,330,10,9000,371,3395,,,0,,,0,9000,10,10000,94,10,9000,10
SAR,,,34300,33,34300,625,71,33000,347,39500,10,38900,154,100,30700,285,9548.7099609375,,,0,,,0,36045,21,36100,155,48,32000,307,9548.7099609375,10,34000,10,,,0,35000,61,35000,483,30,30000,40
SBU,,,34000,82,34000,82,4,30000,4,34000,16,34000,116,30,30000,36,14796.6103515625,,,0,,,0,34000,27,33500,190,22,29500,25,14796.6103515625,,,0,5,20000,5,31400,2,31400,202,,,0
SC,,,896.4600219726562,86,899,4754,2,680,2152,839,9,839,6439,200,700,200,1410,96,1410,196,100,800,100,790,523,790,11732,20,581,3567,975,248,975,273,,,0,899,184,899,4473,339,750,459
SCB,,,150000,3,150000,3,,,0,50000,1,100000,9,,,0,54548.37890625,,,0,,,0,72000,9,72000,13,,,0,54548.37890625,,,0,,,0,100000,,,0,,,0
SCN,,,2180,36,2180,4646,178,2040,778,2400,386,2400,4050,100,2210,1195,2500,340,2500,2833,,,0,2440,1572,2440,3922,185,2110,2283,2500,46,2500,306,,,0,2470,109,2470,4249,24,2210,1074
SCR,82,,215,100,200,7243,2365,83.69999694824219,4465,95,282,145,4956,908,95,1008,100,183,100,183,,,0,120,44,199,2551,4479,120,5754,150,15,144,15,,,0,85,268,200,610,10,85,110
SDM,,,1106540.75,3,3900000,4,1,1900000,1,1106540.75,,,0,,,0,1106540.75,,,0,,,0,2500000,,,0,,,0,1106540.75,,,0,,,0,1106540.75,,,0,,,0
SDR,100000,,100000,32,110000,32,100,100000,100,100000,,,0,100,100000,100,37279.75,,,0,,,0,100000,,,0,100,100000,100,37279.75,,,0,,,0,100000,19,110000,19,100,100000,100
SEA,,,149,6462,149,168456,1477,133,178212,139,396,139,30971,10000,80,110000,120,,,0,,,0,143,9577,143,76373,232,140,114726,175,4645,175,4645,,,0,145,741,145,75314,405,60.099998474121094,104355
SEN,,,750,940,765,16589,8254,750,14303,750,326,790,1887,1120,750,2620,1300,,,0,50,610,100,800,1000,798,13211,4830,750,9911,830,,,0,,,0,759,635,759,5672,500,700,1971
SEQ,,,18000,1,19000,1,5,18000,179,16000,,,0,18,16000,18,8084.2998046875,,,0,,,0,19000,7,19000,7,3,17000,154,8084.2998046875,,,0,,,0,21000,,,0,10,16000,20
SF,6,18,15.899999618530273,177516,15.899999618530273,3101288,2324,15.100000381469727,1000906,13.100000381469727,18704,13.100000381469727,1011071,126348,13,996748,16,29015,16,32215,1000,13,1000,15,7506,15,3461629,200,14.5,451379,16,18218,15.899999618530273,52931,20000,8,29490,15.899999618530273,181393,15.899999618530273,1905242,1000,15.100000381469727,196841
SFE,,,60000,6,60000,17,2,51000,2,57000,20,58000,24,,,0,25126.7890625,,,0,,,0,57000,8,57000,93,2,54000,18,25126.7890625,,,0,,,0,58000,43,58000,44,9,50000,11
SFK,,,100,3929,100,74684,600,80,28241,99.4000015258789,242,100,58100,300,76,300,75,,,0,,,0,75.5999984741211,960,74,203467,7511,68.5999984741211,111377,50,90,50,446,,,0,99.7300033569336,343,99.80000305175781,92865,5449,70,25449
SFL,,,79000,1,79000,3,,,0,124000,1,124000,39,,,0,30779.7109375,,,0,,,0,90000,1,94900,7,,,0,30779.7109375,,,0,,,0,147000,1,133000,16,,,0
SI,,,2150,24,2140,14585,369,2110,7047,2100,530,2100,3435,60,1910,10293,2100,,,0,,,0,1900,524,2310,24809,98,1900,5072,1900,60,1900,60,,,0,1840,171,2000,2536,179,1840,4835
SIL,,,2840,88,2840,1022,,,0,1490,191,990,1624,12,600,12,2262.06005859375,4,10000,4,,,0,3290,1,3290,1961,,,0,2262.06005859375,10,3500,14,,,0,2420,15,2420,869,,,0
SIO,38,,295,1117,294,23870,250,202,33104,95,38,120,29273,302,93.19999694824219,14785,140,,,0,,,0,147,172,146,56140,10,130,40920,125,528,125,528,,,0,115,400,146,4137,2019,115,14682
SNM,,,110000,1,110000,12,10,100000,30,100000,,,0,10,90000,10,76472.2734375,,,0,,,0,105000,1,108000,39,2,90000,32,76472.2734375,,,0,,,0,109000,10,109000,19,10,100000,11
SOI,,,575,22,725,9050,747,265,1358,624,200,615,640,1000,301,2423,450,,,0,,,0,515,178,515,21635,1000,447,7121,450,500,745,548,,,0,529,454,529,3622,440,410,7759
SOL,,,900,37,1270,3474,1000,400,1000,1200,180,1390,574,100,1000,825,445.8999938964844,,,0,,,0,910,461,1200,2835,316,910,1332,445.8999938964844,20,1200,20,,,0,1480,25,1390,327,1000,1000,2774
SP,2500,,2510,7963,2800,24487,404,2510,504,2500,90,2720,4452,100,2500,100,2900,2,2900,180,,,0,2620,71,2620,73685,100,2500,110,2560,88,2560,88,,,0,2800,2253,2800,15027,2,2600,102
SPT,,,400,4435,1100,26148,80,400,80,189,100,470,200,,,0,189,,,0,,,0,1340,397,640,20598,1000,269,1000,189,,,0,,,0,800,499,800,499,,,0
SRD,,,70000,297,80000,337,100,70000,100,100000,20,100000,20,100,70000,100,29443.779296875,,,0,,,0,80000,100,80000,100,100,70000,100,29443.779296875,,,0,,,0,70000,34,100000,34,100,70000,100
SRP,,,19900,200,19500,390,100,4000,200,20000,133,20000,133,,,0,6950.52978515625,,,0,,,0,25000,16,24000,116,250,15000,350,6950.52978515625,,,0,,,0,6950.52978515625,200,20000,200,,,0
SSC,,,489,290,490,10906,2,489,1314,589.3300170898438,364,605,3048,19,380,2815,500,,,0,,,0,580,400,579,19136,130,440,6461,450,45,450,275,,,0,450,192,450,9542,1000,200,1089
SSL,,,50000,10,65000,12,,,0,35000,13,35000,20,,,0,18158.619140625,,,0,,,0,47300,24,47300,54,,,0,18158.619140625,,,0,,,0,45000,26,45000,28,,,0
SST,,,3795380.5,,,0,,,0,3795380.5,,,0,,,0,3795380.5,,,0,,,0,3795380.5,,,0,,,0,3795380.5,,,0,,,0,3795380.5,,,0,,,0
STL,,,2269.1298828125,40,2260,6097,100,2070,6846,1980,28,2140,1386,8,1980,4118,1600,,,0,,,0,1864.97998046875,63,1850,17549,410,1800,6657,1900,,,0,,,0,1810,147,2220,3648,180,1810,3404
STR,1750,,2000,60,4500,149,107,1850,1672,1760,18,2890,43,68,1760,268,2350,1,2350,1,,,0,3250,875,3250,1018,100,1760,324,2000,30,1950,30,,,0,2900,40,2890,3104,76,2110,496
STS,,,154000,1,154000,60,,,0,155000,2,179000,2,,,0,95518.15625,,,0,,,0,165000,6,165000,32,,,0,95518.15625,,,0,,,0,189000,2,189000,2,1,1,1
SU,,,300000,2,160000,2,5,120000,5,200000,,,0,,,0,110719.96875,,,0,,,0,300000,,,0,,,0,110719.96875,,,0,,,0,110719.96875,,,0,,,0
SUD,100000,,150000,,,0,10,101000,110,100000,,,0,100,100000,100,37925.1015625,,,0,,,0,83000,,,0,100,100000,100,37925.1015625,,,0,,,0,100000,,,0,100,100000,100
SUN,,,590,120,589,6090,380,520,1915,489,380,489,4540,13,351,233,475,200,1000,200,,,0,649,680,649,2731,60,526,13487,500,120,600,240,,,0,600,80,580,7167,100,500,100
SWF,,,190,5244,191,75343,1000,176,134900,190,1710,189,46658,1730,165,106724,80.22000122070312,,,0,,,0,188,1110,188,71435,4000,168,112057,110,100,240,100,,,0,180,36,180,50696,1852,141,102952
TA,,,11600,146,11600,495,10,10200,60,13000,217,13000,217,4,8000,16,6462.43017578125,,,0,50,8000,50,13500,23,13500,2971,20,9000,620,6462.43017578125,10,10400,10,,,0,9789.849609375,100,13000,198,,,0
TAC,,,91458.328125,2,600000,43,30,150000,30,500000,1,475000,1,,,0,91458.328125,,,0,,,0,550000,6,500000,6,,,0,91458.328125,,,0,,,0,91458.328125,,,0,2,50000,2
TAI,,,1100,400,1100,1240,350,672,2914,700,107,3900,709,499,700,2199,121.01000213623047,,,0,,,0,995.7999877929688,100,5000,9100,100,700,2432,812,10,1000,10,,,0,800,,,0,100,602,1300
TBU,,,58938.69921875,63,58000,63,20,55000,40,58000,56,58000,156,15,50000,30,22694.48046875,,,0,,,0,57000,11,57500,111,10,57000,42,22694.48046875,,,0,,,0,58000,1,57900,184,,,0
TC,,,7500,191,8500,650,,,0,15000,,,0,10,2300,41,3830.89990234375,,,0,,,0,20000,50,35000,50,,,0,7500,10,18000,10,,,0,10000,,,0,80,6600,196
TCB,,,19000,,,0,,,0,16800,1,25000,2,,,0,9647.73046875,,,0,,,0,38000,1,29900,10,,,0,9647.73046875,,,0,,,0,28000,,,0,,,0
TCL,,,3700,1152,3600,3118,307,3120,7487,3010,250,3600,3215,165,3010,1044,4000,12,3500,441,,,0,3302.64990234375,109,3400,3939,178,3300,5268,1903.9000244140625,20,3500,20,,,0,3010,192,3900,2910,116,3010,2116
TCO,,,1000,65,1000,1565,387,511,1053,750,12,1000,284,200,400,409,560,306,500,306,,,0,500,1148,900,1820,670,500,670,130,25,130,585,,,0,1000,19,1000,19,500,500,500
TCS,,,4500,462,4800,1195,100,4100,456,4300,298,4300,342,362,2510,582,3600,47,3600,292,,,0,4390,1668,4390,5486,170,3250,3828,2600,,,0,,,0,4000,,,0,300,3010,340
TCU,,,164000,2,164000,18,2,90000,4,150000,1,250000,1,2,120000,2,69644.7890625,,,0,,,0,170000,4,170000,4,1,90000,3,69644.7890625,,,0,,,0,250000,5,175000,6,,,0
THF,,,473.7300109863281,300,470,7026,300,420,11991,500,2834,500,5243,,,0,380,40,380,880,,,0,476,171,475,31322,1595,416,11627,450,83,450,83,,,0,257.8699951171875,1023,475,6030,50,260,623
THP,,,4796.31005859375,20,4790,293,20,4500,120,4800,10,4900,556,,,0,2398.5,,,0,,,0,7000,63,5500,122,,,0,2398.5,,,0,,,0,4600,80,4790,267,,,0
TI,,,2410,20,2690,7033,568,2410,20160,2300,100,2900,1281,1000,2310,4735,2000,,,0,,,0,3500,300,3800,13626,3000,2460,10852,2500,96,2500,96,,,0,2600,36,2600,719,1000,2000,4621
TIO,74,,220.2899932861328,600,325,38605,2560,220,12329,242.88999938964844,250,286,5349,24,200,974,330,,,0,,,0,240,11393,240,62226,500,150,17398,74.80999755859375,100,220,100,,,0,269.30999755859375,1361,250,3224,100,180,2703
TK,,,40000,1,45000,1,,,0,40000,8,37500,13,,,0,20209.48046875,,,0,,,0,43500,4,40000,71,30,30000,30,20209.48046875,5,41100,5,,,0,39500,1,40000,1,,,0
TOR,,,280337.15625,,,0,,,0,280337.15625,,,0,,,0,280337.15625,,,0,,,0,280337.15625,,,0,,,0,280337.15625,,,0,,,0,280337.15625,,,0,,,0
TPU,,,3000,92,3490,492,64,3060,1088,3990,80,3990,320,,,0,1173.27001953125,,,0,,,0,4000,107,4000,400,40,3600,492,1000,5,4000,5,,,0,3990,423,3990,423,,,0
TRA,,,2790,392,2790,3062,100,2500,600,2290,105,2290,355,50,1800,50,838.6799926757812,,,0,,,0,2250,167,2400,667,50,2300,751,838.6799926757812,10,2000,10,,,0,2700,11,2500,36,14,1800,14
TRN,,,475,2700,473,38956,40,430,117139,450,327,498,7647,2000,450,110505,600,,,0,,,0,471.6000061035156,1651,474,19681,269,423,108189,50,200,515,200,,,0,440,101,440,17631,5000,376,108558
TRS,,,249000,5,250000,5,10,170000,20,100147.40625,1,250000,1,,,0,100147.40625,,,0,,,0,250000,,,0,,,0,100147.40625,,,0,,,0,100147.40625,,,0,,,0
TRU,,,500,815,500,25707,191,460,22719,572,431,572,9188,4,457,4093,600,85,600,85,,,0,510,682,509,15464,272,455,12545,580,60,580,1241,,,0,573,517,573,10367,20,520,7231
TS,,,496,78,375,6057,300,155,694,180,122,180,1569,4,70,721,74.80999755859375,,,0,,,0,120,208,150,4756,363,60.099998474121094,523,74.80999755859375,10,399,10,,,0,80,,,0,83,80,83
TSH,,,32500,4,38900,6259,20,32000,80,34500,35,34500,66,5,28000,5,30000,,,0,,,0,30000,62,30000,5373,5,29000,194,16479.69921875,10,30000,18,,,0,30000,143,30000,763,10,25000,50
TUB,,,245,2523,245,17560,1214,163,11114,249,500,250,22691,500,177,500,270,11,270,746,,,0,209,60,200,24262,1105,177,15105,190,774,200,1014,,,0,255,100,200,68262,1500,145,12968
UTS,3500,,6496.5,22,6500,505,65,5100,1217,6000,43,6500,148,20,5050,657,5200,90,5200,200,,,0,5000,52,6600,520,473,5000,1901,4640,6,4640,9,,,0,8500,33,8500,233,4,5060,1196
VCB,,,799000,2,800000,2,,,0,935000,1,900000,4,,,0,327138.125,,,0,,,0,760000,1,769000,3,,,0,327138.125,,,0,,,0,869000,1,837000,3,,,0
VEG,88,,251,2003,270,54428,300,257,5659,310,112,310,8133,55,275,8930,180,,,0,,,0,336.70001220703125,2560,339,25970,20,262,19636,300,25,310,2775,837,300,837,250,54,295,30493,2002,250,17093
VF,,,22.899999618530273,110000,22.899999618530273,709199,10,15,110,34.70000076293945,4999,34.70000076293945,72472,,,0,16.1299991607666,,,0,,,0,49.900001525878906,10000,45,50000,,,0,16.1299991607666,,,0,,,0,16.1299991607666,,,0,,,0
VFT,,,865925.3125,1,2600000,1,,,0,865925.3125,,,0,,,0,865925.3125,,,0,,,0,865925.3125,1,2400000,1,,,0,865925.3125,,,0,,,0,865925.3125,,,0,,,0
VG,,,2300,94,2300,2485,20,1850,4135,2420,166,2420,8019,35,2000,335,3200,10,5000,10,,,0,2360,149,2360,2874,16,2100,2360,2000,20,2400,220,,,0,2340,65,2340,7682,20,2000,2379
VIT,,,575,407,575,5337,388,510,928,750,698,750,33192,,,0,324.4700012207031,,,0,,,0,740,585,740,734,,,0,324.4700012207031,,,0,,,0,779,149,779,2143,,,0
VOE,,,2913586.75,1,5500000,1,,,0,2913586.75,,,0,,,0,2913586.75,,,0,,,0,2913586.75,,,0,,,0,2913586.75,,,0,,,0,2913586.75,,,0,,,0
VOR,,,2518066.5,,,0,,,0,2518066.5,,,0,,,0,2518066.5,,,0,,,0,2518066.5,,,0,,,0,2518066.5,,,0,,,0,2518066.5,,,0,,,0
VSC,,,31000,3,31000,3,,,0,42000,1,40000,2,,,0,16535.4296875,,,0,,,0,30000,3,30000,5,,,0,16535.4296875,,,0,,,0,16535.4296875,,,0,,,0
W,,,34900,26,34900,1566,200,9000,10608,15000,50,14000,317,100,9300,160,6243.66015625,,,0,,,0,11000,90,11000,5012,100,9000,1156,8900,,,0,10,8000,10,13000,14,13000,72,20,8500,140
WAI,,,104000,20,106000,134,5,95000,439,95000,3,99000,80,20,96000,88,100000,50,100000,261,,,0,116000,24,115000,55,12,95000,319,51820.4609375,,,0,,,0,99000,47,99000,47,50,90000,50
WAL,,,3090,278,5000,8620,57,3090,3157,7500,64,5000,219,1000,3010,1074,2796.830078125,,,0,,,0,6290,500,6000,7194,20,4690,2020,2796.830078125,,,0,,,0,6980,40,10000,446,1000,3000,1000
WCB,,,650000,1,697000,7,1,600000,8,995000,1,700000,3,2,600000,2,328698.125,,,0,,,0,645000,14,650000,21,1,500000,2,328698.125,,,0,,,0,746000,1,747000,8,1,200000,1
WIN,,,6600,173,6600,12695,300,5300,2155,6000,37,6000,1141,930,5550,1230,10000,5,15000,13,,,0,6670,139,6670,8279,100,6000,2613,12000,2,6480,22,,,0,6820,158,6820,5270,10,6300,1600
WM,,,11900,21,11900,764,6,11000,19,19000,8,15000,9,1,11000,2,6790,,,0,,,0,12000,248,12000,421,1,11000,1,6790,,,0,,,0,9800,,,0,1,11000,1
WOR,,,150000,16,150000,21,,,0,100000,,,0,,,0,83883.15625,,,0,,,0,160000,1,160000,6,,,0,83883.15625,,,0,,,0,135000,,,0,,,0
WR,,,140000,1,150000,2,100,140000,100,140000,,,0,100,140000,100,78076.21875,,,0,,,0,140000,2,150000,2,100,140000,100,78076.21875,,,0,,,0,140000,,,0,100,140000,100
WRH,,,9500,,,0,1,9500,1,3389.909912109375,,,0,,,0,3389.909912109375,,,0,,,0,3389.909912109375,,,0,,,0,3389.909912109375,,,0,,,0,3389.909912109375,,,0,,,0
WS,,,4750,529,4750,1783,98,4600,10389,4400,104,4400,1039,81,3000,10081,6000,4,6000,4,,,0,4500,8,4500,2911,3,3800,555,2593.969970703125,20,5000,80,,,0,5280,521,5280,1724,10,3520,138
ZIR,,,800,1000,997,19710,1000,700,3928,999,1438,999,3537,20,500,20,117.55000305175781,,,0,,,0,1190,451,1190,4153,1000,290,3788,117.55000305175781,20,648,20,,,0,569,1101,997,1510,2000,169,2000
ZR,,,16000,350,16000,550,10,15000,11,15000,23,15000,23,6,12000,115,5977.02001953125,,,0,,,0,15000,40,15000,594,200,10000,220,5977.02001953125,10,15200,10,,,0,12300,120,15000,120,,,0
