Ticker,MMBuy,MMSell,AI1-Average,AI1-AskAmt,AI1-AskPrice,AI1-AskAvail,AI1-BidAmt,AI1-BidPrice,AI1-BidAvail,CI1-Average,CI1-AskAmt,CI1-AskPrice,CI1-AskAvail,CI1-BidAmt,CI1-BidPrice,CI1-BidAvail,CI2-Average,CI2-AskAmt,CI2-AskPrice,CI2-AskAvail,CI2-BidAmt,CI2-BidPrice,CI2-BidAvail,NC1-Average,NC1-AskAmt,NC1-AskPrice,NC1-AskAvail,NC1-BidAmt,NC1-BidPrice,NC1-BidAvail,NC2-Average,NC2-AskAmt,NC2-AskPrice,NC2-AskAvail,NC2-BidAmt,NC2-BidPrice,NC2-BidAvail,IC1-Average,IC1-AskAmt,IC1-AskPrice,IC1-AskAvail,IC1-BidAmt,IC1-BidPrice,IC1-BidAvail
AAR,,,15000,20,16000,318,10,14000,10,14900,129,14900,625,,,0,20000,,,0,,,0,15000,4,15500,493,6,14000,106,6765.330078125,,,0,,,0,14000,7,14000,7,,,0
ABH,,,42000,2,47000,641,35,43100,578,44000,4,48000,104,15,42200,167,46000,,,0,,,0,42000,8,47000,667,141,42000,867,24074.48046875,,,0,,,0,55832.08984375,77,59800,117,200,40000,523
ACS,,,120000,1,140000,25,1,130000,29,160000,3,149000,14,,,0,74556.703125,,,0,,,0,150000,1,150000,10,1,130000,1,74556.703125,,,0,,,0,180000,,,0,,,0
ADE,,,48525,10,49800,483,18,46000,502,52000,9,53900,54,174,42200,403,43000,,,0,,,0,45200,38,51000,316,38,45200,752,21210.509765625,,,0,,,0,54302.46875,3,54400,247,8,35700,285
ADR,70000,,70000,18,80000,38,100,70000,100,75000,6,80000,7,100,70000,100,60000,,,0,,,0,70000,10,150000,10,10,80000,120,29108.779296875,,,0,,,0,71000,35,78000,44,100,70000,100
ADS,,,130000,4,130000,352,1,120000,25,110000,3,110000,118,20,80000,20,250000,,,0,,,0,120000,10,128000,382,1,120000,45,55055.921875,,,0,,,0,131000,2,131000,257,3,61000,16
AEF,,,4000,130,4500,1175,100,3000,100,4000,370,4000,2954,13,3550,192,4000,,,0,,,0,4000,64,4400,2197,61,4000,443,4500,,,0,,,0,5290,23,5180,802,177,3620,717
AEN,,,2000000,1,2000000,2,,,0,1500000,,,0,1,1000000,1,974291.3125,,,0,1,1000000,1,2500000,1,2500000,1,2,989000,2,974291.3125,,,0,,,0,974291.3125,,,0,,,0
AFP,,,134241.84375,,,0,,,0,134241.84375,,,0,,,0,134241.84375,,,0,,,0,30000,,,0,,,0,134241.84375,,,0,,,0,134241.84375,,,0,,,0
AFR,,,18000,16,40000,16,6,18000,43,19000,,,0,20,16000,20,7797.1201171875,,,0,,,0,20000,5,20000,8,18,16000,18,7797.1201171875,,,0,,,0,20000,,,0,,,0
AGS,,,400000,,,0,,,0,400000,,,0,,,0,500000,,,0,,,0,600000,14,600000,14,,,0,219398.5,,,0,,,0,700000,2,799000,3,,,0
AHP,,,10500,545,9000,2473,100,8000,476,12000,238,12000,266,,,0,5547.2099609375,,,0,,,0,11900,200,12000,1672,1,9000,451,5547.2099609375,,,0,,,0,9010,10,14400,345,20,9000,20
AIR,200000,,200000,28,201000,32,100,200000,100,200000,1,221000,1,100,200000,100,90993.921875,,,0,,,0,200000,10,240000,10,100,200000,100,90993.921875,,,0,,,0,200000,4,250000,4,100,200000,100
AL,,,1210,100,1340,49651,1260,1210,19058,1870,1000,1860,11162,200,1400,8725,1216.1500244140625,,,0,901,950,903,1160,9,1400,21527,854,1160,10695,750,26,800,26,,,0,1200,2000,1640,8339,1825,1200,11203
ALE,,,1450,379,1450,11985,200,1320,8623,1200,51,1200,9170,700,1140,3893,1300,100,1500,100,,,0,1380,385,1380,13221,509,1210,3937,1600,4,1800,63,,,0,1230,90,1340,3895,962,1230,6491
ALG,,,320,731,360,18416,4467,320,5237,360,555,330,5960,10000,310,23191,250,,,0,,,0,390,192,399,12704,3948,390,15870,100,,,0,1000,200,1000,331,2450,340,5876,2399,331,25596
ALO,42,,241,1000,349,22778,2000,251,38325,215,5000,497,20313,1000,251,13402,200,888,400,888,,,0,258,37,488,31385,100,300,22914,60,100,50,300,,,0,400,5000,499,15177,500,251,13762
AMM,61,,139,100,138,28114,1000,101,7062,135,1434,135,54341,90,103,55988,90,850,90,2170,,,0,132,31283,132,157657,787,117,54256,90,500,100,3773,2227,90,2227,125,9203,125,49524,500,102,20933
ANZ,,,70600.546875,,,0,,,0,70600.546875,,,0,,,0,70600.546875,,,0,,,0,70600.546875,,,0,,,0,70600.546875,,,0,,,0,70600.546875,,,0,,,0
APT,,,14713.240234375,33,14000,922,100,12800,310,15000,,,0,,,0,6935.35009765625,,,0,,,0,22000,,,0,50,13500,200,6935.35009765625,,,0,,,0,50000,1,50000,1,,,0
AR,,,150,4380,190,28406,9900,150,30263,168,3439,168,62033,9888,130,22188,200,,,0,300,200,1300,304,1155,303,20783,1800,200,3900,400,,,0,,,0,238.6300048828125,1000,238,17417,20,200,5922
ARP,,,10000,44,10000,122,,,0,8500,,,0,,,0,4639.3798828125,,,0,,,0,8500,99,8500,102,,,0,4639.3798828125,,,0,,,0,4639.3798828125,,,0,,,0
ASE,,,43900,3,42000,691,50,41000,863,42500,62,42500,399,44,40100,248,19526.619140625,2,42000,2,10,33000,10,38073.390625,61,42000,1018,192,38000,609,19526.619140625,,,0,,,0,40800,41,40800,777,6,34500,97
AST,,,2110,200,2770,1579,670,2110,2762,2300,307,2730,713,100,2000,101,1626.449951171875,,,0,,,0,2890,2566,2890,7008,2,1000,2,2000,,,0,,,0,2000,248,2420,278,,,0
ATA,,,31400,62,31400,531,10,27000,135,29900,94,29900,174,35,25000,92,1600,,,0,,,0,31300,60,30900,410,18,26100,926,15767.91015625,,,0,,,0,29540.560546875,35,29600,414,20,26000,150
ATP,,,15000,10,20000,10,6,15000,206,30000,,,0,,,0,12361,,,0,,,0,25000,,,0,,,0,12361,,,0,,,0,25000,,,0,,,0
AU,,,2740,555,2790,5863,54,1720,160,2650,24,2650,1011,221,1960,1013,950,,,0,,,0,2390,22,2370,7940,500,1830,1129,998,31,1500,31,,,0,1960,50,2250,4265,568,1960,976
AUO,137,,375,500,380,15413,50,351,3894,500,642,500,3431,2,417,2869,225,,,0,900,225,900,420,111,420,18081,90,347,22863,270,56,380,56,,,0,221,458,550,1951,104,221,1304
AWF,,,6737.5,30,6900,102,50,6000,240,6400,3,6400,71,,,0,2940.56005859375,,,0,,,0,6000,35,6000,209,12,5000,12,2940.56005859375,,,0,,,0,10000,100,8990,118,,,0
AWH,,,12900,650,13500,679,100,10000,100,12500,25,25000,25,,,0,8377.23046875,,,0,,,0,24000,8,24000,88,50,10000,150,8377.23046875,,,0,,,0,25000,30,25000,30,,,0
BAC,,,2100,10,2490,2234,100,2200,1642,2200,,,0,57,2200,557,1276.02001953125,,,0,,,0,2550,482,2550,2282,40,2300,1454,1276.02001953125,,,0,,,0,2800,40,2800,391,500,2200,930
BAI,,,15000,50,16000,50,43,15000,393,14500,2,14900,55,,,0,6790,,,0,,,0,20000,22,26900,22,50,15000,207,6790,,,0,,,0,12000,2,15000,2,,,0
BBH,750,2550,2550,100,2550,130,334,2510,2913,2544.169921875,54,2500,1513,10,2460,854,2540,62,2500,1343,28,1900,28,2500,12,2540,5419,7,2500,1673,2550,36,2550,36,69,1960,118,2110,100,2550,254,11,2100,346
BCO,,,850,240,840,2014,180,810,6299,675,224,800,224,1000,680,17413,302.92999267578125,20,650,387,,,0,695,2000,735,11798,1910,695,23591,640,,,0,,,0,651,1109,651,5329,1000,551,7000
BDE,850,2350,2350,100,2350,127,196,2200,2319,1650,8,2200,575,82,1650,344,2340,626,2340,751,,,0,2210,100,2350,129,11,2210,2423,2350,67,2350,67,,,0,1860,100,2350,349,5,1850,404
BE,,,2100,995,2390,17823,900,2100,3100,2100,78,2100,1316,100,1810,2811,2900,42,2900,142,,,0,1660,120,1900,27088,465,1660,2415,1192.0899658203125,20,2500,20,,,0,1500,191,2320,7455,,,0
BEA,84,,360,57,450,603,999,360,34251,389,668,389,11729,30,321,33620,250,,,0,,,0,471,7375,477,10825,1282,471,24194,325,2000,325,2016,225,250,1225,362,58,390,11628,3491,362,44622
BER,,,318,1000,697,20197,20,355,5933,650,869,729,2347,534,650,7782,500,,,0,,,0,551,486,680,5545,455,551,10920,117.55000305175781,,,0,,,0,500,469,500,9713,1000,307,3293
BFP,,,20000,,,0,,,0,25000,1,25000,1,,,0,20224.419921875,,,0,,,0,24000,,,0,,,0,20224.419921875,,,0,,,0,20224.419921875,,,0,,,0
BFR,,,4000,19,4000,40,3,3000,3,4000,33,4000,33,,,0,2515.219970703125,,,0,,,0,3600,20,8000,20,50,4000,50,2515.219970703125,,,0,,,0,3000,,,0,307,3000,307
BGC,,,679,2033,679,19853,227,600,8717,714,850,714,10580,360,610,2070,600,36,600,36,,,0,695.0999755859375,160,700,10147,500,580,5360,500,,,0,,,0,500,950,695,1002,1000,550,1469
BGO,,,2800,68,3100,11655,220,2800,429,3200,77,3200,458,200,2830,597,2000,20,5000,20,,,0,2510,45,2790,3976,10,2510,920,1300,47,2300,97,,,0,2742.64990234375,150,2890,1346,100,2600,200
BGS,,,220000,2,220000,2,,,0,199000,12,199000,12,,,0,87483.4765625,,,0,,,0,199000,7,199000,22,,,0,87483.4765625,,,0,,,0,199000,24,199000,53,1,1,1
BHP,,,5790,990,5790,1322,29,4210,1175,5980,205,5980,979,15,5500,447,1500,,,0,,,0,5180,186,5180,3572,219,3400,768,1500,10,3350,10,,,0,5630,81,5630,770,498,4300,770
BID,,,34000,75,115000,75,,,0,3000,10,100000,10,,,0,24534.48046875,,,0,,,0,75000,10,100000,20,,,0,24534.48046875,,,0,,,0,24534.48046875,10,100000,10,,,0
BL,,,6540,671,6590,995,2,6000,152,9000,62,8000,180,100,5500,100,4500,,,0,,,0,11900,100,9950,453,100,5500,200,2975.580078125,,,0,,,0,10000,15,10000,15,50,6000,150
BLE,,,2300,24,2490,1800,,,0,2900,80,2340,2296,,,0,1800.1600341796875,,,0,,,0,2100,187,2400,1525,100,2000,500,1800.1600341796875,,,0,,,0,2500,108,2400,869,300,1500,400
BMF,,,31000,1,31000,161,50,25000,170,39900,5,39600,105,50,25000,64,10932.1796875,,,0,5,22000,5,36900,100,36000,328,10,31000,110,10932.1796875,,,0,,,0,30900,86,30800,138,50,25000,60
BND,,,200,3740,225,4740,1000,190,1000,265.19000244140625,90,300,90,900,200,900,269.8999938964844,,,0,,,0,200,80,389,97,371,200,381,500,,,0,,,0,190,,,0,,,0
BOR,,,308,2000,440,20908,10,307,5609,620,712,620,712,50,331,200,300,,,0,300,225,300,620,747,620,5934,498,475,5349,75,,,0,50,130,250,500,28,500,28,5,350,1155
BOS,,,4500,8,9500,8,105,3200,405,4500,,,0,,,0,3500,24,3250,24,,,0,4656.669921875,66,4860,666,100,4000,700,1907.8199462890625,,,0,,,0,2900,20,4900,228,124,2900,124
BPT,,,10000,23,10000,29,8,5000,8,8000,10,8000,10,,,0,2205.449951171875,,,0,,,0,12000,212,12000,212,30,4800,30,2205.449951171875,,,0,,,0,8000,,,0,,,0
BR1,,,980000,1,974000,12,1,610000,6,800000,1,987000,12,1,500000,1,1300000,,,0,,,0,900000,1,930000,12,1,500000,1,252956.640625,,,0,,,0,930000,1,939000,11,1,1,1
BR2,,,899000,1,900000,9,,,0,900000,1,944000,10,,,0,1300000,,,0,,,0,899000,3,900000,7,,,0,339977.96875,,,0,,,0,900000,2,900000,11,,,0
BRM,,,180,950,249,4698,384,180,7755,101,859,283,6120,318,101,424,270,3165,200,16907,3200,110,4200,201,20833,264,39376,150,202,4269,200,87,250,287,,,0,150,480,120,7395,800,101,800
BRO,,,2380,133,2380,3980,54,2100,54,1900,21,1900,655,50,1800,150,829.989990234375,7,2500,7,,,0,2300,58,2390,607,25,1900,962,829.989990234375,,,0,,,0,1880,31,1880,1158,9,1000,9
BRP,,,5000,24,6000,24,,,0,6000,6,6000,6,,,0,2656.760009765625,,,0,,,0,5500,1,5400,4,,,0,2656.760009765625,,,0,,,0,2656.760009765625,,,0,,,0
BRS,,,480000,,,0,1,350000,5,420000,1,420000,2,1,200000,1,126513.0703125,,,0,,,0,420000,1,420000,4,,,0,126513.0703125,,,0,,,0,300000,1,450000,2,,,0
BSC,,,52000,20,53000,20,20,51000,124,52000,32,150000,32,10,50000,15,14471.7197265625,,,0,,,0,52000,8,52000,8,1,50000,101,14471.7197265625,,,0,,,0,46000,30,55000,30,10,50000,13
BSE,425,1650,1650,100,1650,202,989,1610,9199,1630,25,1630,690,2,1610,1418,1600,48,1750,88,,,0,1650,100,1650,4943,116,1610,3303,2000,61,2000,61,10,500,10,1650,100,1650,546,9,1620,1061
BTA,,,1550,33,1550,239,46,1300,639,1250,6,1250,156,285,940,729,1590,392,1590,517,,,0,1570,7,1550,347,113,1420,1740,1600,78,1600,278,,,0,1600,100,1600,123,1,1000,282
BTS,,,450,1175,500,17060,500,400,3439,400,7775,669,31445,,,0,100.3499984741211,,,0,,,0,430,714,590,20030,24,430,2024,100.3499984741211,,,0,,,0,404,180,485,2712,1000,403,2000
BWH,,,7500,40,17000,40,,,0,5000,,,0,,,0,3002.35009765625,,,0,,,0,3250,,,0,73,3250,73,3002.35009765625,,,0,,,0,4000,,,0,,,0
BWS,,,23500,18,23900,412,17,19100,57,24900,75,24900,161,,,0,30000,,,0,5,22000,5,23900,31,23900,633,13,19100,43,8590.1298828125,,,0,,,0,23159.58984375,4,23100,71,,,0
C,225,,815,179,819,88964,200,762,17850,775,300,800,26494,144,775,46134,1134.9100341796875,83,1250,2393,1000,750,2100,810,49,810,70327,69,762,36232,377.6400146484375,,,0,,,0,705,210,736,68572,8760,705,23376
CA,,,500,90,650,576,330,200,330,500,1975,500,1975,124,200,250,101,,,0,,,0,1160,223,1160,901,100,200,389,991.1799926757812,15,1000,15,,,0,736.75,150,2250,337,199,100,199
CAF,,,1827.739990234375,200,1650,847,1000,1600,3095,1790,78,1790,2256,20,1160,1171,1000,,,0,,,0,1800,8,1880,5514,106,1720,9290,776.280029296875,,,0,500,1000,500,1500,21,1550,5812,168,1500,4095
CAP,,,254.72000122070312,521,255,3332,,,0,275,745,275,745,178,250,178,141.97000122070312,,,0,,,0,240,114,250,6914,240,225,240,141.97000122070312,100,280,100,,,0,250,2,300,1002,100,100,100
CBL,91000,,91000,1,92000,105,100,91000,100,91000,4,92000,16,100,91000,100,88000,,,0,,,0,91045.828125,10,95000,72,100,91000,100,43652.0703125,,,0,,,0,91000,15,100000,96,100,91000,100
CBM,63000,,63000,11,65000,19,100,63000,100,63000,,,0,100,63000,100,29521.830078125,,,0,,,0,63000,10,69800,26,100,63000,100,29521.830078125,,,0,,,0,63000,,,0,100,63000,100
CBS,,,42100,16,43000,71,84,42100,184,42000,5,44400,5,100,42000,100,17911.099609375,5,50000,5,,,0,42000,5,42900,87,100,42000,100,17911.099609375,,,0,,,0,42000,10,43700,25,100,42000,100
CBU,,,385000,100,385000,103,10,380000,30,390000,50,385000,52,10,380000,15,173954.71875,,,0,,,0,385000,50,385000,52,10,370000,20,173954.71875,,,0,,,0,390000,50,385000,54,10,380000,20
CC,650000,,650000,1,2000000,1,100,650000,100,370000,,,0,100,650000,100,330828.71875,,,0,,,0,650000,5,750000,5,100,650000,100,330828.71875,,,0,,,0,650000,,,0,100,650000,100
CCD,,,80000,20,80100,20,100,80000,100,80000,5,90000,95,100,80000,100,27557.33984375,,,0,,,0,90000,1,90000,31,100,80000,100,27557.33984375,,,0,,,0,80000,5,85000,5,100,80000,100
CD,,,11000,15,11000,130,48,10000,48,12000,,,0,,,0,7880.33984375,,,0,,,0,13200,60,13200,60,10,12000,110,7880.33984375,,,0,,,0,13200,,,0,,,0
CF,,,6500,200,8000,539,96,6500,376,5500,8,7000,145,200,4600,204,5000,,,0,,,0,7000,5,7000,1200,112,6350,824,3393.10009765625,,,0,,,0,8067.18994140625,197,7900,294,200,3500,300
CHA,,,30000,,,0,7,30000,37,50000,,,0,,,0,20987.94921875,,,0,,,0,50000,,,0,20,45000,20,20987.94921875,,,0,,,0,12500,,,0,,,0
CL,,,2500,1000,2500,20019,40,2310,3337,2482.93994140625,307,2890,27732,855,2500,4480,4000,126,4000,186,,,0,2500,10,2800,38852,753,2500,2639,3600,,,0,,,0,2590,311,2590,10760,483,2500,2899
CLI,51,,100,62,350,31506,500,100,600,199,47,199,15317,28,185,4281,170,,,0,400,170,2400,251,2,251,18693,60,220,8524,375,123,375,123,,,0,120,746,120,7879,997,101,1597
COF,,,840,500,835,74616,104,812,5452,744,910,744,44872,251,715,6172,1500,65,1500,65,500,700,500,857,2077,857,41526,12,811,9218,875,701,875,701,,,0,844,54,844,57401,450,700,21041
COM,,,120000,3,120000,149,5,100000,15,100000,1,100000,149,2,90000,17,250000,,,0,,,0,110000,7,110000,96,5,100000,31,37311.390625,,,0,,,0,128000,2,128000,79,,,0
COT,,,3506.85009765625,108,3620,2583,478,3500,937,4204.81005859375,8,4050,81,1,3150,448,2700,7,3000,179,,,0,3250,343,3540,863,240,3250,2067,3000,8,3000,28,,,0,3400,37,3400,2067,50,3030,425
CQL,,,1800000,1,1940000,10,,,0,1690000,1,1400000,3,,,0,1000000,,,0,,,0,1590000,1,1300000,11,,,0,634922,,,0,,,0,1700000,1,1300000,2,1,1,1
CQM,,,1260000,1,1090000,8,,,0,1190000,1,1190000,3,,,0,875000,,,0,,,0,1140000,1,1100000,3,1,650000,2,481565,,,0,,,0,1290000,1,999000,4,,,0
CQS,,,975000,1,900000,7,,,0,1000000,1,900000,2,2,600000,2,800000,,,0,1,600000,1,919000,1,880000,7,,,0,378392,,,0,,,0,988000,1,988000,8,,,0
CQT,,,500000,3,549000,4,,,0,300000,,,0,1,150000,1,250000,,,0,,,0,278000,3,278000,8,4,100000,4,107709.6171875,,,0,,,0,310000,1,500000,1,,,0
CRU,,,200000,,,0,100,200000,100,200000,,,0,100,200000,100,139245.9375,,,0,,,0,700000,8,700000,8,100,200000,100,139245.9375,,,0,,,0,139245.9375,,,0,100,200000,100
CST,,,200,30,1750,76,95,200,95,2200,3,2290,271,,,0,2912.7099609375,,,0,,,0,2490,13,2490,95,,,0,2912.7099609375,,,0,,,0,1690,,,0,1,1690,1
CTF,,,18500,243,19000,445,12,18500,83,15000,10,22000,10,3,18000,8,16000,,,0,9,16000,9,21900,150,21000,622,10,18000,310,10081.8896484375,,,0,,,0,19800,,,0,10,18000,60
CU,,,2490,540,2490,12719,30,1920,6244,2360,221,2200,1219,10,1340,495,200,5,2000,5,100,1400,100,1750,233,1750,9809,150,1450,5269,560.739990234375,,,0,,,0,2000,85,1980,677,36,1600,36
CUO,63,,950,215,950,8627,750,525,4768,450,589,800,589,2,250,3769,250,,,0,100,164,600,390,1756,390,21265,320,370,12496,63.29999923706055,,,0,,,0,200,861,428,1369,64,300,4892
DA,,,45000,14,45000,204,2,37000,102,30000,,,0,2,35000,2,45000,,,0,,,0,50000,10,55000,67,10,43000,47,26101.83984375,,,0,,,0,41800,10,55000,10,,,0
DCH,,,24000,10,24000,30,50,23000,190,19000,,,0,10,20000,10,8990.330078125,,,0,,,0,24000,6,24000,6,20,23000,160,8990.330078125,,,0,,,0,8990.330078125,,,0,10,20000,10
DCL,,,6000,96,5990,585,100,5500,788,8000,92,8000,158,,,0,3482.080078125,,,0,,,0,6000,10,6500,1143,150,6000,532,3482.080078125,,,0,,,0,6000,,,0,,,0
DCM,,,3900,64,4300,428,200,4200,801,6000,4,5850,10,200,3500,278,3500,,,0,,,0,4900,142,4900,2242,196,4300,1511,2230.159912109375,,,0,,,0,4000,,,0,100,3500,100
DCS,,,1800,98,1800,321,1000,1400,1000,1950,320,1940,992,20,1200,1386,1500,,,0,,,0,1900,100,1900,4429,911,1700,1811,846.72998046875,,,0,,,0,3500,40,3500,40,150,1210,404
DD,,,36000,1,40000,16,7,36000,7,44400,6,44400,6,,,0,25000,3,25000,3,,,0,40000,1,40000,5,1,36000,1,26608.73046875,,,0,,,0,30000,,,0,,,0
DDT,,,2590,108,2580,13260,10,1560,40,2550,44,2550,3997,10,1500,4263,100,210,3600,351,,,0,2260,29,2400,23696,107,2260,2107,3500,,,0,,,0,2480,1770,2480,15742,20,2400,1277
DEC,,,32000,200,31900,956,100,15000,120,21000,10,19900,166,24,15000,24,9362,,,0,,,0,18300,3,18300,303,33,15200,266,9362,,,0,,,0,11300,4,20000,87,8,11300,40
DIS,,,5700,118,5500,501,,,0,8750,1,8870,60,,,0,5454.77001953125,17,9500,17,,,0,8877.8603515625,,,0,,,0,5454.77001953125,,,0,,,0,6500,26,6500,26,,,0
DOU,,,250000,3,449000,5,,,0,101902.6328125,,,0,,,0,101902.6328125,,,0,,,0,260000,5,260000,5,,,0,101902.6328125,,,0,,,0,275000,,,0,,,0
DRF,,,5010,100,5200,609,2,5010,937,5500,48,5500,98,7,4900,22,3014.18994140625,,,0,,,0,6000,20,5500,220,25,5010,135,3014.18994140625,,,0,,,0,5250,2,5390,90,25,4510,50
DV,,,20000,1,20000,12,1,15000,1,20000,3,22000,3,,,0,15000,2,15000,2,,,0,24900,1,24000,13,1,20000,1,12317.7900390625,,,0,,,0,15000,,,0,,,0
DW,19,121,108,879,108,356803,745,107,61714,96.9000015258789,9829,96.9000015258789,192933,100,96,149859,90,3630,90,18031,9950,70,9950,97,29615,97,1332435,53,92.5999984741211,458327,100,12363,100,13332,5516,90,5516,92.52999877929688,869,92.5999984741211,218528,838,89,499747
EBU,,,200000,100,200000,100,,,0,200000,50,200000,50,,,0,90493.8203125,,,0,,,0,184000,3,184000,70,10,180000,10,90493.8203125,,,0,,,0,90493.8203125,50,200000,50,,,0
EDC,8000,,8000,699,8010,1062,100,8000,100,8000,2,9990,117,100,8000,100,11000,2,11000,3,,,0,8000,6,9890,115,100,8000,100,8211.8603515625,,,0,,,0,8000,13,11200,13,100,8000,100
EES,,,1,80,55000,720,8,40000,8,24000,12,54800,83,48,24000,48,75000,2,75000,7,,,0,44000,6,44000,161,50,5000,50,48394.19921875,,,0,,,0,68000,6,69700,9,,,0
ENG,,,875000,1,890000,3,1,850000,1,1100000,8,1000000,13,,,0,365225.5625,,,0,,,0,950000,1,1000000,5,1,450000,2,365225.5625,,,0,,,0,1100000,,,0,1,100000,1
EPO,,,179,650,177,599731,20000,150,99437,145,7500,146,211491,20000,137,73803,175,34,175,34,,,0,147,2650,147,925552,20000,142,96590,170,710,170,12860,,,0,164,9760,164,97288,5000,142,65589
ES,,,1440,930,1440,9890,50,1220,550,1370,390,1400,32628,10,1220,1083,1650,,,0,,,0,1420,207,1410,15219,292,1300,532,1875.3499755859375,,,0,,,0,1730,113,1600,3188,500,1010,500
ETC,,,14928.5703125,1,24000,197,,,0,17000,10,16900,43,,,0,10000,,,0,,,0,11000,8,18000,78,5,11000,5,10235.5302734375,,,0,,,0,17000,,,0,8,8900,8
EXO,,,374,357,374,9862,390,310,15073,335,2563,335,12362,10,240,7662,295,250,350,250,,,0,325,165,325,21167,45,315,13971,275,2395,275,2395,,,0,345,128,345,15442,300,282,10405
F,,,4400,558,3900,558,100,353,300,1900,100,4400,600,11,1900,76,1000,,,0,,,0,2495.8798828125,150,5000,150,40,2300,890,222.22000122070312,,,0,,,0,2300,371,2300,1963,50,2010,652
FAL,,,2500,132,2500,3207,100,1800,360,2500,20,2400,604,20,500,20,1025.3900146484375,,,0,,,0,2200,71,2200,2709,20,1500,970,1025.3900146484375,,,0,,,0,2800,50,2690,408,1000,1250,1082
FAN,,,1900,34,1900,1777,281,1750,591,2000,51,2000,1402,,,0,971.9500122070312,,,0,,,0,1993.5,779,2000,1898,168,1860,218,1000,,,0,,,0,1940,,,0,,,0
FC,,,5200,20,6800,100,200,5400,783,4500,,,0,15,4500,181,2253.139892578125,,,0,,,0,5000,15,5980,548,95,5000,953,2253.139892578125,,,0,,,0,4741.89990234375,2,5010,2,270,4000,270
FE,,,990,215,990,9803,200,550,236,850,272,850,6263,20,700,2876,700,,,0,20,500,20,686,60,750,24140,50,687,3343,650,39,500,418,,,0,975.9299926757812,1978,990,2133,500,695,1621
FEO,32,,158,202,159,29118,40,97,12916,115,508,120,3379,539,80,11496,99,,,0,60,60,1013,77,40,77,30612,939,70,48450,65,132,75,132,70,55,70,65,587,65,17268,16,64,4878
FET,,,3000,447,3100,4958,988,2610,3378,3000,253,3970,511,100,2500,315,1610.8499755859375,,,0,,,0,4202.419921875,8,4400,670,20,2860,840,1610.8499755859375,,,0,,,0,3500,151,3400,383,500,2000,510
FF,9,24,18.899999618530273,29400,18.899999618530273,970879,829,18.799999237060547,423152,16.100000381469727,4382,16.100000381469727,1706081,17132,16,479857,15.899999618530273,3536,16.5,130169,4931,14.5,28931,17,6480,17,3764319,3500,15.600000381469727,461174,17.5,911,17.5,19412,1974,17,19824,16.299999237060547,141330,16.299999237060547,2502330,5000,16.200000762939453,419360
FFC,,,360000,2,350000,11,1,290000,101,300000,1,397000,2,100,240000,100,143944.21875,,,0,,,0,340000,3,335000,13,1,290000,101,143944.21875,,,0,,,0,370000,1,379000,6,2,260000,102
FIM,,,1930,7,1930,22439,1003,1820,6248,1830,6,1980,12608,74,1830,6356,4000,26,4000,26,,,0,1931.3499755859375,37,2170,46855,178,1900,6595,1300,,,0,,,0,1733.3299560546875,360,1910,15523,1390,1730,7440
FIR,,,1200000,1,1100000,2,,,0,560757.5,1,1400000,1,,,0,560757.5,,,0,,,0,1300000,1,1300000,1,,,0,560757.5,,,0,,,0,560757.5,2,1400000,2,,,0
FLO,,,14000,,,0,86,14000,86,12000,2,15000,2,,,0,10142.9501953125,,,0,,,0,16000,8,20000,36,,,0,10142.9501953125,,,0,,,0,10142.9501953125,,,0,,,0
FLP,,,630,220,664,635,242,630,3532,570,29,570,911,9,460,577,200,100,600,100,500,300,600,698,443,698,3443,1000,602,4214,1,,,0,,,0,604,221,824,3302,31,603,304
FLX,,,220,3146,220,27523,90,211,8430,249,477,249,19320,402,226,29822,200,,,0,,,0,390,470,389,20459,144,301,21960,80,100,200,101,94,80,94,368,433,368,27306,50,250,31750
FOD,,,436.2799987792969,2549,450,11377,900,400,11620,399,167,399,6077,74,350,758,290,,,0,,,0,320,653,480,1886,101,321,8565,170.30999755859375,,,0,500,400,500,300,224,375,504,125,300,4855
FSE,,,1580000,1,1500000,4,1,700000,11,1980000,1,1990000,2,1,700000,5,424890.125,,,0,,,0,1490000,1,980000,3,2,651000,4,424890.125,,,0,,,0,1000000,1,999000,6,2,650000,2
FUN,,,59529.46875,,,0,,,0,150000,,,0,,,0,59529.46875,,,0,,,0,150000,2,160000,16,,,0,59529.46875,,,0,,,0,59529.46875,2,150000,2,,,0
GAL,57,,180,330,180,8068,500,155,5234,140,698,170,23978,9534,140,24177,160,1000,160,6916,,,0,189,604,279,8931,1093,189,7140,140,10,200,10,,,0,200,199,310,65257,272,200,26781
GC,,,435,1229,435,6100,1000,301,2250,340.9200134277344,334,398,4426,954,283,3734,153.66000366210938,,,0,,,0,302,30,374,15565,990,302,4279,153.66000366210938,,,0,,,0,380,1821,380,1821,2000,306,6000
GCH,,,2100,3,14500,3,,,0,20000,,,0,,,0,20158.630859375,,,0,,,0,25000,7,9000,12,,,0,20158.630859375,,,0,,,0,7500,5,8000,12,,,0
GEN,,,200000,5,200000,24,1,163000,1,80000,1,250000,5,,,0,250399.71875,,,0,,,0,240000,1,245000,8,1,165000,3,250399.71875,,,0,,,0,215000,2,190000,19,1,170000,2
GIN,,,1730,867,1730,26107,120,1630,5229,1600,231,1780,6984,180,1600,1186,1990,7,1990,7,,,0,1750,564,1750,6717,188,1620,4410,2400,10,2300,110,500,1300,500,1677.4000244140625,281,1690,4507,300,1510,2882
GL,,,313,5188,313,31223,398,211,14730,300,100,355,11280,10,300,4525,300,200,400,400,,,0,318,2000,316,71128,2367,278,27027,340,,,0,,,0,380,3952,380,14137,60,310,11687
GNZ,,,8000,,,0,,,0,45000,6,45000,6,,,0,43005.87890625,,,0,,,0,1500,,,0,,,0,43005.87890625,,,0,,,0,43005.87890625,,,0,,,0
GRA,,,3300,992,3300,5292,817,2500,817,3100,79,3100,513,300,2550,1186,4200,,,0,,,0,3100,272,3100,9564,200,2610,2679,1267.97998046875,,,0,,,0,3500,341,3500,527,240,2550,1240
GRN,86,,360,3473,360,56062,8087,350,28045,370,4998,370,14427,3403,360,22822,185,100,400,100,,,0,407,1011,407,26446,94,401,25901,375,2000,395,2100,974,325,974,322,22,330,43085,327,322,34600
GV,,,2000,100,2100,2122,444,2000,944,2200,25,2400,493,,,0,1032.550048828125,,,0,,,0,2290,3,2280,1772,135,2080,1235,1032.550048828125,,,0,,,0,2880,3,2880,37,259,2000,259
H,50,,135,3236,135,270698,1000,118,86748,115,12309,115,215129,269,105,121236,100,659,100,3605,5000,80,5000,117,6420,117,257717,1240,109,74947,85,640,100,7291,3430,85,3430,88,7255,88,142984,10000,81,62429
H2O,10,,40,144613,40,2772462,321797,39.900001525878906,1579946,36.099998474121094,3675,39.70000076293945,1670762,1978,36.099998474121094,134189,34,1399,33,40149,1000,10,1000,40,689256,40,1713430,1000,37.099998474121094,104885,43,355,42,948,9600,40,19600,35.5,9343,37.70000076293945,1901751,1675,35.5,598081
HAB,,,135000,5,135000,24,,,0,180000,1,125000,8,,,0,53396.4609375,,,0,,,0,120000,5,110000,43,,,0,53396.4609375,,,0,,,0,110000,12,110000,30,,,0
HAL,,,247,136,222,99266,750,182,11042,207.99000549316406,831,221,85279,2039,185,10176,250,641,225,1423,500,151,500,213,13555,213,130573,118,210,19718,300,,,0,,,0,188,402,214,34434,177,188,6923
HCB,,,2500000,2,3900000,6,,,0,3500000,1,3740000,4,,,0,1697969.375,,,0,,,0,3000000,1,3600000,5,,,0,1697969.375,,,0,,,0,2500000,1,3940000,2,,,0
HCC,,,862.5800170898438,100,845,3079,250,670,13640,798,51,798,1551,415,675,6560,640,,,0,,,0,834.8499755859375,33,850,2251,500,712,3798,620,,,0,,,0,829,50,829,1615,1350,700,5350
HCP,88,,430,4660,440,29341,577,430,11177,418,227,418,18163,8297,400,12355,350,,,0,,,0,460,1102,460,7096,1000,441,23376,250,,,0,1000,300,1000,401,10,403,14783,5357,401,20877
HD,,,2750,440,2750,3511,90,2000,90,2500,106,2500,1452,10,2000,10,1598.2900390625,50,4000,50,,,0,2800,2977,2800,5987,200,2100,200,1598.2900390625,,,0,,,0,2800,938,2800,2439,100,2500,100
HE,75,,116,30,116,60205,3000,105,7100,123,2669,123,58216,8113,92.5,10878,200,278,350,278,100,125,100,103,74950,103,260842,50,100,108913,250,100,180,1278,1000,135,1000,124.69000244140625,564,125,92220,750,115,900
HE3,,,596.25,1188,597,2188,250,500,17464,548,4,550,1398,49,548,7418,400,,,0,,,0,500,3983,520,10393,400,475,19450,460,,,0,1000,220,1000,705.5,5880,850,5880,12,600,8076
HER,,,2196.260009765625,502,2200,7391,180,2000,1773,2200,784,2200,14098,20,2010,2304,2000,,,0,,,0,2100,88,2100,31392,1000,2000,4738,3250,350,2400,350,200,1750,200,2000,936,2000,13783,492,1900,10417
HEX,,,2000,13444,2000,20668,10,1000,10,2000,7156,2000,7199,10,1000,10,41.13999938964844,,,0,,,0,2000,3487,2000,3487,10,1000,10,41.13999938964844,,,0,,,0,41.13999938964844,1771,2000,1771,10,1000,40
HHP,,,6000,,,0,,,0,3000,,,0,,,0,3363.27001953125,,,0,,,0,5000,38,5000,38,,,0,3363.27001953125,,,0,,,0,3363.27001953125,,,0,,,0
HMS,,,2200,513,2190,5627,100,1970,2113,2400,44,2400,3661,885,1800,2531,1900,2,1900,1435,,,0,2344.64990234375,1000,2340,4457,227,2140,4872,1800,2,2000,2,,,0,2370,119,2370,7727,80,1980,2580
HNZ,,,75000,,,0,,,0,99120.1015625,,,0,,,0,99120.1015625,,,0,,,0,99120.1015625,,,0,,,0,99120.1015625,,,0,,,0,99120.1015625,,,0,,,0
HOG,,,7420,,,0,30,6010,120,10000,100,8000,114,5,4500,5,3903.239990234375,,,0,,,0,6500,,,0,,,0,3903.239990234375,,,0,,,0,6000,,,0,,,0
HOP,,,2700,583,2700,1592,150,1840,1680,2300,5,2300,1108,150,1620,2406,2200,80,2400,80,,,0,2900,8,2900,3476,6,2700,4272,819.739990234375,,,0,,,0,2620,719,2620,3777,200,2500,1400
HPC,,,24000,10,24000,41,10,23000,10,28000,20,28000,84,,,0,13081.349609375,,,0,,,0,24900,167,24900,188,74,24000,74,13081.349609375,,,0,,,0,24900,,,0,,,0
HPR,,,800000,2,800000,6,,,0,800000,3,800000,6,,,0,1750000,,,0,,,0,800000,1,750000,10,,,0,728695.4375,,,0,,,0,800000,2,800000,6,,,0
HSE,,,13100,370,13100,629,10,12000,190,13000,173,13000,194,10,11400,22,10100,24,10000,424,,,0,12000,855,12000,6275,2,11500,589,11000,,,0,30,5000,30,11800,65,11800,1396,200,11000,450
HSS,,,2200,18,2200,4516,983,1830,1111,2120,90,2090,3350,130,1950,366,2000,100,2100,1100,,,0,2340,682,2390,5434,200,2120,1628,2000,20,4000,20,,,0,2680,60,2660,3146,60,1750,414
HTE,,,3500000,1,3750000,2,,,0,3250000,1,3690000,3,,,0,1697055.625,,,0,,,0,3700000,1,4000000,1,,,0,1697055.625,,,0,,,0,4000000,,,0,,,0
HYR,,,1750000,1,1700000,6,,,0,1750000,1,1750000,4,,,0,1389100.25,,,0,,,0,1750000,3,1750000,8,,,0,1389100.25,,,0,,,0,1750000,2,1750000,7,1,1,1
I,,,1750,240,1750,2849,,,0,1800,61,1800,325,571,511,3931,1500,,,0,,,0,1800,314,1800,3103,998,1010,3686,300,,,0,,,0,700,85,850,743,90,400,794
IDC,11000,,11000,1300,11100,1300,100,11000,100,11000,499,11100,532,100,11000,100,10313.0595703125,,,0,,,0,11000,31,14000,334,100,11000,100,10313.0595703125,10,15400,10,,,0,11000,29,13000,29,100,11000,100
IMM,,,110000,1,110000,11,10,100000,10,68600,,,0,,,0,68180.15625,,,0,,,0,100000,1,140000,1,1,120000,10,68180.15625,,,0,,,0,68180.15625,,,0,,,0
IND,,,4097.35986328125,73,4200,487,100,3000,200,4600,205,4600,414,148,3210,163,1977.280029296875,,,0,,,0,3300,17,4090,912,85,3300,720,1977.280029296875,,,0,,,0,3300,195,4290,683,45,3300,546
INS,,,150,58830,150,321495,250,144,117116,160,98,160,92799,56,147,57638,150,4000,160,21000,,,0,164,10613,165,136434,1355,154,43884,250,179,250,179,,,0,161,1234,163,96334,1100,160,50217
JUI,,,1,1,98000,2,,,0,1,29,100000,309,,,0,1098.260009765625,280,100000,280,,,0,1,1,99000,1,,,0,1098.260009765625,,,0,,,0,30000,119,30000,122,,,0
KOM,,,849,400,845,17375,100,735,7963,789,2151,789,33217,100,775,3315,999,298,999,14285,500,750,500,768,154,768,62493,90,745,16588,1000,4994,1000,9994,,,0,670,1000,677,43060,2,670,16433
KV,,,25500,207,25300,1122,100,19000,172,24000,2,24000,623,10,18000,10,2000,,,0,,,0,21049.740234375,161,25000,1121,120,21100,440,13533.4599609375,,,0,,,0,21500,20,22000,170,50,19500,50
LBH,,,5100,2,5500,4146,42,5100,1490,7150,82,7150,685,4,5400,627,4500,,,0,,,0,6390,2,6380,948,4,5120,1027,3400,,,0,,,0,7500,10,6500,10,96,5100,1038
LC,,,4900,140,4980,1810,200,4550,200,4980,50,4970,2204,,,0,3176.93994140625,24,9000,64,,,0,4930,255,4970,5560,30,4500,553,3176.93994140625,10,10000,10,,,0,5350,33,5340,3553,12,4600,22
LCB,,,500000,1,600000,4,1,450000,6,800000,1,849000,3,,,0,330133.84375,,,0,,,0,679000,2,680000,8,1,250000,1,330133.84375,,,0,,,0,841000,1,841000,2,,,0
LCR,,,1800,200,6000,200,26,1800,142,4800,18,4800,18,10,1800,10,2948.300048828125,,,0,,,0,4420,55,4420,75,100,1810,120,2948.300048828125,,,0,,,0,3000,,,0,10,1800,10
LD,,,10000,498,11800,731,46,10800,599,11900,149,10000,470,9,4000,12,5092.5,,,0,,,0,10000,10,11000,212,91,10000,200,5092.5,,,0,,,0,7500,1,12000,30,,,0
LDE,,,10065,21,11400,2485,47,10000,1079,11900,1,11900,488,2,8070,715,9000,46,10000,46,,,0,9600,26,10800,2009,82,9600,2322,6500,,,0,10,6500,10,13900,146,13900,446,60,10500,1104
LDI,,,680,162,675,1377,,,0,600,444,760,4243,,,0,282.5799865722656,,,0,,,0,750,20,750,4215,152,640,652,375,,,0,,,0,750,1176,678,1476,,,0
LES,,,1890,134,1860,2696,100,900,2300,1120,200,1130,701,10,901,700,228.57000732421875,50,1500,150,,,0,1190,85,1190,7655,500,910,1579,228.57000732421875,,,0,,,0,1500,23,1460,646,,,0
LFE,,,152000,3,151000,35,,,0,164000,6,164000,32,,,0,75255.75,,,0,,,0,157000,6,155000,61,1,100000,1,75255.75,,,0,,,0,164000,4,164000,45,2,2,2
LFL,,,478000,1,450000,4,1,250000,1,480000,1,450000,1,2,240000,2,122472.078125,,,0,,,0,449000,1,449000,5,3,420000,3,122472.078125,,,0,,,0,445000,1,450000,1,1,250000,1
LFP,,,3500,2,15000,2,14,3500,34,9000,22,9000,81,1,6000,19,7366.35009765625,,,0,,,0,9000,,,0,,,0,7366.35009765625,,,0,,,0,7000,,,0,,,0
LHP,,,5260,40,5260,3360,343,3500,4962,4750,200,5980,1326,100,3000,273,3750,603,3750,703,,,0,3550,69,3800,4184,100,3500,1720,2500,,,0,,,0,4200,30,4190,1188,45,4000,2581
LI,,,1900,840,2090,9981,64,1900,1064,2367.340087890625,504,2590,804,2000,2200,8084,1200,,,0,,,0,2200,530,2200,3835,500,1840,2363,472.2900085449219,,,0,,,0,1800,500,1700,3382,2000,1620,7249
LIO,,,546.97998046875,100,500,17755,400,370,9304,300,453,600,745,2,417,2595,200,,,0,,,0,645,560,450,5862,500,375,17005,68.56999969482422,,,0,,,0,400,5000,600,5000,42,350,1477
LIS,450000,,500000,10,500000,16,100,450000,100,450000,5,499000,6,100,450000,102,255694.21875,,,0,,,0,450000,5,485000,9,5,451000,107,255694.21875,,,0,,,0,452000,20,490000,23,1,451000,105
LIT,,,16000,2,18000,292,,,0,19900,62,19900,514,,,0,13529.1103515625,,,0,,,0,18100,17,18900,241,,,0,13529.1103515625,,,0,,,0,14500,100,19600,1834,,,0
LOG,68000,,68000,19,68100,288,100,68000,120,68032.140625,7,69000,94,100,68000,107,65000,,,0,,,0,68100,17,69700,113,989,68100,1089,28013.400390625,,,0,,,0,69050,19,70000,27,100,68000,122
LSE,,,9536,21,10500,1358,27,9510,1042,11600,30,11400,819,12,9000,852,9000,25,10000,25,,,0,10700,34,10700,2829,8,9360,1636,5000,3,5000,3,,,0,12000,238,12000,238,100,9310,486
LSL,,,415000,,,0,,,0,300000,,,0,,,0,204785.046875,,,0,,,0,450000,2,450000,3,,,0,204785.046875,,,0,,,0,350000,1,500000,1,,,0
LST,34,,200,623,200,13889,50,130,44152,121,1086,121,16579,15,111,78770,120,161,120,344,,,0,125,138,147,78856,741,125,33407,100,488,110,729,4992,100,4992,114.4800033569336,134,177,30502,967,110,26584
LTA,,,3265,21,4390,1133,99,3200,664,4580,10,4570,1649,100,3130,698,3500,200,4200,200,,,0,3770,30,3770,2435,64,3500,457,3400,1,3400,1,,,0,3000,96,3790,2122,80,3000,400
LU,,,100000,11,140000,11,,,0,80000,,,0,,,0,62066.01953125,,,0,,,0,120000,7,120000,7,13,90100,52,62066.01953125,,,0,,,0,140000,,,0,,,0
MAG,,,800,291,800,3866,903,305,1153,270,51,270,882,92,88,192,117.55000305175781,14,300,14,,,0,350,694,350,1082,1000,88,1100,117.55000305175781,,,0,,,0,400,30,400,30,660,350,760
MAI,86,,400,1282,420,20843,6970,400,8500,375,98,389,3343,764,375,17058,400,,,0,,,0,421,452,429,24492,1683,421,19199,375,,,0,999,300,999,350,333,374,17439,4359,350,18088
MB,,,7700,36,7700,333,68,6100,373,9000,40,9000,40,200,6500,280,8000,,,0,,,0,8600,50,8300,1199,60,7250,504,3403.679931640625,,,0,,,0,7290,27,8000,33,,,0
MCB,,,350000,1,375000,1,,,0,375000,,,0,,,0,166644.328125,,,0,1,175000,1,370000,1,370000,2,,,0,166644.328125,,,0,,,0,400000,,,0,1,350000,1
MCG,12,36,35.900001525878906,16840,35.900001525878906,167133,1000,33.099998474121094,45183,30,20336,30,179052,1652,24.399999618530273,109396,29,13,29,4165,1000,20,1000,36,142,34.900001525878906,150223,60,34.599998474121094,190460,35.900001525878906,2122,35.900001525878906,2122,5000,25,5000,36,100,36,349,208,34,10708
MEA,,,3052.85009765625,34,3650,17623,1953,3050,3176,3250,48,3250,9129,300,3070,3297,5000,50,4000,70,,,0,3100,1028,3290,31547,1050,3150,4274,5000,,,0,,,0,3100,540,3200,7317,970,3100,4074
MED,,,1490,120,1480,7264,398,1300,2998,1390,491,1390,8841,54,1250,3642,2000,,,0,,,0,1390,350,1390,6626,75,1310,5217,1870,228,1870,228,,,0,1530,99,1530,7992,257,1270,4497
MFE,,,91935.1015625,1,91000,61,2,90000,6,92000,33,92000,53,4,60000,4,43953.23046875,,,0,,,0,95600,4,91900,115,4,60000,4,43953.23046875,,,0,,,0,91900,3,91900,86,2,2,2
MFK,,,249,160,249,16840,166,210,11328,241,800,240,8297,1647,200,1976,220,,,0,1,22,1,201,988,234,129179,200,201,16218,25,,,0,,,0,249,54,249,7940,4998,200,5702
MFL,,,250000,1,209000,10,,,0,199000,1,199000,4,,,0,61608.8515625,,,0,,,0,208000,1,208000,12,,,0,61608.8515625,,,0,,,0,24100,1,209000,4,,,0
MG,,,85.12999725341797,450,139,51389,4920,70.0999984741211,14920,186.4199981689453,1890,248,3830,687,81,55773,60,,,0,,,0,138,100,130,61455,2097,118,76095,85,1000,80,1000,,,0,120.87000274658203,4552,129,10698,2000,120,9493
MGC,,,35000,40,17000,70,,,0,12500,8,15000,13,,,0,8497.3798828125,,,0,,,0,15000,2,15000,83,,,0,8497.3798828125,,,0,,,0,14000,14,14000,156,,,0
MGS,,,350,186,350,22732,328,240,8610,166,2125,280,2723,6,166,2478,130,11,80,22155,,,0,350,294,350,294,2651,203,15332,42,150,100,150,,,0,369,222,369,244,100,276,1520
MHL,,,4880,10,4870,1613,280,1500,280,4800,142,4800,585,500,3200,590,2700,,,0,,,0,4790,2,4800,2229,60,4520,1456,3000,,,0,,,0,5280,12,5170,1651,26,4200,581
MHP,,,3650,10,4390,1319,62,3650,90,4300,46,4000,131,,,0,2091.989990234375,100,4200,1416,,,0,5000,70,5000,170,,,0,2091.989990234375,10,7000,10,,,0,5000,,,0,80,3000,80
MLI,,,21000,20,22000,20,23,21600,559,17000,3,20000,3,4,17000,4,10185,,,0,,,0,22000,,,0,100,21000,510,10185,,,0,,,0,18000,2,22000,2,,,0
MPC,,,2300,20,2400,1640,100,2310,1423,3000,87,3000,87,100,2000,750,655.6900024414062,,,0,,,0,2850,44,3000,820,200,2410,1620,400,,,0,,,0,2730,1019,2730,1019,,,0
MSL,,,189000,1,175000,17,1,150000,3,180000,1,220000,1,1,100000,1,82878.2578125,,,0,1,90000,1,198000,1,198000,20,1,160000,3,82878.2578125,,,0,,,0,110000,1,220000,1,1,100000,1
MTC,,,100,100,700,102,,,0,2000,,,0,,,0,446.2900085449219,,,0,,,0,150,100,3000,278,30,0.5,30,446.2900085449219,,,0,,,0,400,,,0,,,0
MTP,,,1814.510009765625,179,1900,7527,794,1800,794,1990,168,1990,6456,248,1800,248,3000,,,0,,,0,2000,391,2150,7464,180,2000,676,1019.3400268554688,,,0,,,0,2000,814,2000,8525,895,1800,895
MUS,,,350,12,350,5626,8727,320,9504,310,38,333,8165,3928,310,23316,170.35000610351562,,,0,,,0,397,149,397,16863,4611,390,16479,170.35000610351562,,,0,,,0,340,1758,360,3358,190,340,41361
MWF,,,550,666,550,3886,,,0,700,71,700,648,376,100,376,300,,,0,,,0,300,2000,420,4000,1200,225,4400,186.97999572753906,100,305,100,,,0,350,2,500,3935,100,30,100
N,,,150,244,150,71661,45176,125,556688,125,99,125,63318,8400,108,39827,130,,,0,1000,100,1500,92.5,7984,92.5,205083,800,89,41401,120,,,0,1000,90,1000,107.63999938964844,8441,125,60338,542,101,19130
NA,25,,25,2003,25.100000381469727,313876,100,25,100,25.100000381469727,2854,25.100000381469727,24853,100,25,100,25.100000381469727,500,25.100000381469727,1000,412,1.100000023841858,5546,25,24795,25.100000381469727,89070,100,25,100,18,527,18,2399,5000,1,5000,25,58474,25.100000381469727,93347,100,25,100
NAB,,,150,100,150,100,,,0,112.37999725341797,666,113,10149,198,100,10148,150,62,150,62,,,0,120,5404,120,15504,5000,91,12981,70,980,140,980,180,70,180,115,10828,115,10828,,,0
NCS,,,39.45000076293945,11590,39.79999923706055,435640,1000,26,30300,36,5000,41,76067,5635,36,41433,40,1000,90,2000,,,0,40,42398,40,1140030,15000,34,135000,16.780000686645508,3500,50,3500,,,0,41.900001525878906,24900,41.900001525878906,198358,200,28,20200
NE,150,,298,868,298,100631,8,223,8708,291,91,291,6846,100,166,1000,300,,,0,,,0,287,169,287,12454,2000,231,6954,300,148,300,148,,,0,200,3737,200,123870,5000,175,8568
NF,,,9900,,,0,46,10800,51,7400,,,0,,,0,5092.5,,,0,,,0,13428.5703125,1,14800,1,,,0,5092.5,,,0,,,0,8000,22,7500,23,,,0
NFI,,,16.799999237060547,26752,16.799999237060547,329117,10000,14.199999809265137,46900,15.380000114440918,4790,16,42458,10000,13,33476,20,1000,15,2000,1000,8,1000,17,4927,17,706798,28800,15.5,184120,10,,,0,1200,10,1200,15,105103,17.399999618530273,105120,4200,13,24200
NG,,,667.0499877929688,253,880,5108,470,401,1270,710,30,950,2848,100,710,100,950,100,1300,100,,,0,999,369,999,4254,394,903,2657,780.8099975585938,,,0,,,0,1000,283,1000,1615,1000,651,1452
NL,,,4400,976,5300,4093,307,4400,720,4350,104,4350,1855,18,2400,153,5000,,,0,,,0,6129.06005859375,13,6050,4548,500,5000,1441,5000,,,0,,,0,4900,580,4850,3364,10,4500,140
NN,,,50000,9,56000,64,100,55000,521,57000,21,57000,21,5,50000,105,30000,,,0,,,0,54356.94921875,2,65000,2,50,54000,294,29292.80078125,,,0,,,0,50000,,,0,,,0
NOZ,,,16000,,,0,50,10000,50,36000,10,90000,10,,,0,43539.53125,,,0,,,0,40000,,,0,100,10000,100,43539.53125,,,0,,,0,43539.53125,,,0,,,0
NR,,,275,1625,374,127049,5000,280,26000,374,14370,374,66738,2000,276,2024,350,500,600,500,,,0,312,350,350,192405,7500,312,13500,197.2100067138672,,,0,,,0,237.5,4000,375,11047,2000,275,21500
NS,,,490.69000244140625,894,500,6494,100,315,12951,324,782,324,24707,100,281,12912,250,,,0,,,0,319,2000,320,54616,1000,283,14567,275,,,0,,,0,307,579,307,63359,180,267,19143
NST,,,1700,62,1700,4164,500,1300,500,1600,58,1600,647,168,1200,368,1200,16,2500,16,,,0,1560,164,1560,4047,15,1400,1115,1339.1300048828125,,,0,,,0,1490,28,1590,744,100,1300,420
NUT,88,,340,21,370,1442,645,340,6650,349,622,349,5670,150,310,22819,250,10,300,10,,,0,400,500,416,3120,8592,400,38186,151.7100067138672,,,0,1000,275,1000,341.4700012207031,198,357,3430,831,341,17968
NV1,135000,,138339.296875,1,140000,20,100,135000,100,190000,2,225000,9,1,190000,101,93389.109375,,,0,,,0,200000,10,200000,15,1,136000,101,93389.109375,,,0,,,0,153281.25,1,250000,7,100,135000,100
NV2,,,200340.90625,3,229000,37,100,200000,100,200000,1,244000,19,100,200000,100,129928.8828125,,,0,,,0,200000,19,250000,32,100,200000,100,129928.8828125,,,0,,,0,200000,1,237000,12,100,200000,100
O,32,,76,1890,76,231138,43,74.5,28032,80.9000015258789,8002,80.9000015258789,56152,1000,71,21914,130,481,110,1952,4062,83,6062,80,1654,84.5999984741211,598007,1408,80,98350,75,200,85,8155,4600,75,4600,84.5,12222,84.4000015258789,277556,375,73.5,30891
OFF,,,95,2040,95,61302,4410,85,31090,80,2440,80,22115,900,57,2650,120,,,0,,,0,90.44999694824219,4280,93,71698,7250,82,23790,100,1350,100,1350,,,0,95,1940,95,84730,52,75,33627
OLF,,,1100,37,1500,1016,425,1100,3575,1000,,,0,1000,1200,1100,949.47998046875,,,0,,,0,600,,,0,500,1100,994,949.47998046875,,,0,,,0,1100,,,0,500,1100,1032
OS,,,48550,17,48900,242,10,44000,22,65000,8,65000,10,,,0,45000,,,0,,,0,53800,2,51000,98,10,47500,30,30207.76953125,,,0,,,0,55000,,,0,,,0
OVE,40,153,148,500,128,11785,15,118,16912,145,110,145,16035,200,137,75275,125,602,125,602,6,110,1254,135,817,135,39809,12,130,25720,125,208,125,208,10,100,10,139,904,139,12676,700,125,41578
PBU,,,17500,19,17500,19,2,17000,72,17500,26,17500,26,25,16500,65,8070.330078125,,,0,,,0,17000,10,17000,60,1,16500,89,8070.330078125,,,0,,,0,15500,5,17300,102,30,15500,60
PCB,,,3492.580078125,45,3490,1647,9,2850,9267,2900,500,3990,954,469,2900,4069,2300,,,0,,,0,3440,401,3440,2179,1000,2800,4296,801.7100219726562,,,0,,,0,3830,1000,3810,2341,40,2600,1271
PDA,,,2373.97998046875,265,2400,3163,13,2300,78,2600,80,2600,1486,50,2000,52,3000,62,3000,62,50,2200,50,2590,57,2590,1472,15,2300,326,6000,50,5000,50,,,0,2590,204,2590,1409,100,1000,100
PE,,,12,43000,11,810162,100000,10,463789,9.970000267028809,3168,9.979999542236328,1502995,42625,9.3100004196167,1881934,12,7616,12,7616,,,0,11.5,11825,11.5,1650866,43200,11,1477424,10,20000,12.5,20000,50000,8.5,50000,11.199999809265137,90000,11.199999809265137,127646,12363,10,244629
PFE,,,880,383,500,2025,670,440,4310,1000,100,999,487,940,445,940,550,300,700,1830,,,0,300,364,800,4043,,,0,500,,,0,309,500,309,689,170,689,535,60,660,3920
PG,,,44,44122,44,1971100,3000,40.79999923706055,72200,43.099998474121094,19280,43.099998474121094,825957,8000,40.5,48350,50,2121,48,8721,,,0,46.79999923706055,600,46.5,741711,9460,43.5,546321,45,13,45,13,,,0,44,16481,44,183299,20000,35,161019
PIB,,,700,2571,700,3323,5,100,5,700,856,700,1056,550,200,550,548.4000244140625,,,0,,,0,700,832,700,1951,100,150,100,548.4000244140625,,,0,,,0,700,1490,700,1568,12,600,62
PK,,,850,100,800,2108,1000,500,1000,500,440,999,1794,,,0,832.27001953125,,,0,,,0,1000,203,1000,433,,,0,832.27001953125,,,0,,,0,1000,100,1950,238,,,0
POW,6000,,10000,25,10800,346,97,10000,607,10000,35,10000,502,100,6000,100,9500,,,0,,,0,10900,41,10900,391,100,10100,944,2358.169921875,,,0,,,0,10000,80,10600,164,180,10000,301
PPA,,,350,100,450,526,980,350,10804,318,26,317,2194,400,195,400,300,,,0,,,0,350,234,350,7944,1000,300,2980,100,,,0,1000,220,1000,400,124,350,1030,167,225,2796
PSH,,,7900,40,8000,4603,,,0,8000,13,11900,251,149,8000,149,3810.2099609375,,,0,,,0,8900,47,8900,8074,,,0,3810.2099609375,,,0,,,0,5500,38,9500,67,500,7000,500
PSL,,,3600,24,4100,1758,12,3750,514,3900,88,3900,430,82,3400,422,4500,,,0,,,0,4000,12,4000,4363,205,3920,896,4000,,,0,,,0,3950,20,4000,1407,36,2820,871
PSM,,,2300,10,2290,578,100,2110,1450,2360,511,2680,1237,97,2360,499,2500,,,0,,,0,2940,57,2980,3358,100,2400,2023,1299.199951171875,,,0,,,0,3090,10,3000,298,161,1230,461
PSS,,,1228.22998046875,42,1250,1301,393,1100,1393,1450,100,1400,1098,994,1000,994,450,,,0,,,0,1210,100,1300,6919,51,1210,3046,649.5999755859375,,,0,,,0,1500,17,1500,596,1000,1000,2049
PT,,,560,1675,500,11136,1776,465,3903,497,389,497,8753,10,451,9172,480,238,480,1159,,,0,496,294,496,32921,2,486,11219,450,95,450,235,,,0,535,3703,535,17677,331,498,8592
PWO,,,370,400,365,15380,15,340,5151,320,478,320,16715,60,310,1694,290,761,290,4217,,,0,340,1003,340,14679,96,324,8665,298,,,0,100,298,100,345,443,345,11541,1374,305,25202
QCR,,,1390000,1,1400000,1,1,700000,1,1300000,1,1090000,2,1,600000,3,850000,,,0,,,0,1200000,1,1000000,4,1,620000,1,363299.75,,,0,,,0,1300000,1,1500000,1,1,500000,1
RAD,,,13000,2,15000,2,100,14000,456,15500,,,0,12,14000,36,3698.6201171875,,,0,,,0,11130.8701171875,120,14000,687,50,10700,250,3698.6201171875,,,0,,,0,18800,64,19000,64,,,0
RAG,,,550000,1,550000,3,1,500000,1,600000,,,0,,,0,258128.515625,,,0,,,0,600000,1,600000,1,1,500000,1,258128.515625,,,0,,,0,580000,,,0,,,0
RAM,,,3513.35009765625,100,3400,1309,100,2500,600,2500,500,2750,500,20,1430,20,1237.0899658203125,,,0,,,0,3300,693,3300,693,200,2550,400,1600,,,0,,,0,2390,519,3990,617,,,0
RAT,32,166,164,6482,164,30555,9539,162,374576,163,7777,163,68609,500,157,272265,250,218,250,218,9990,145,15091,165,16048,165,239041,53,163,1114570,160,4299,160,4299,4300,145,7259,154,1412,154,311526,93384,151,486124
RBH,,,24500,200,26000,300,36,17500,858,19500,58,19500,168,12,15000,560,19500,1,19500,1,,,0,15742.1904296875,8,17600,2323,100,16000,818,7924.009765625,,,0,,,0,21700,2,21400,405,100,15000,884
RCO,400,,1892.6600341796875,304,1900,1612,282,1500,3630,1368.699951171875,52,2500,52,757,1300,4725,600,,,0,,,0,1760,126,1760,1695,543,1350,4922,1400,154,1400,187,967,900,967,1110,99,1490,1147,196,1110,4515
RCS,,,185000,1,180000,29,1,120000,1,400000,1,400000,1,,,0,93545.6015625,,,0,,,0,180000,,,0,,,0,93545.6015625,,,0,,,0,210000,,,0,,,0
RCT,,,1400000,1,1400000,1,,,0,900000,1,1300000,1,1,500000,3,1000000,,,0,,,0,1200000,1,1300000,1,,,0,354702.8125,,,0,,,0,1100000,,,0,,,0
RDE,,,28300,29,28300,756,2,25000,292,28000,24,28000,182,15,27000,199,32500,2,27000,16,,,0,27500,114,27500,775,10,25400,820,14309.6298828125,,,0,,,0,31400,4,31100,111,28,25500,319
RDL,,,800000,4,800000,5,5,400000,5,600000,1,800000,1,,,0,378604.3125,,,0,,,0,800000,,,0,,,0,378604.3125,,,0,,,0,610000,,,0,,,0
RDS,,,310000,,,0,,,0,310000,,,0,,,0,207901.15625,,,0,,,0,300000,,,0,,,0,207901.15625,,,0,,,0,310000,,,0,,,0
REA,,,560,2760,650,7793,122,560,6494,634,290,600,5231,100,555,2100,500,100,1000,117,14,500,14,645,586,645,11845,334,591,12524,300,,,0,,,0,552,6627,599,13052,480,552,4816
RED,,,60000,,,0,100,60000,100,60000,5,70000,5,100,60000,100,22634.3203125,,,0,,,0,60000,12,64900,49,100,60000,100,22634.3203125,,,0,,,0,60000,,,0,100,60000,100
REP,,,700,2201,700,19401,100,642,2861,750,190,750,4476,294,670,1362,700,342,700,1092,,,0,777,2554,777,13501,18,735,8126,750,,,0,,,0,769,20,769,16522,300,676,1731
RG,,,711,523,900,4380,960,715,2939,1190,1015,1190,3156,57,700,219,1200,,,0,,,0,936.3599853515625,1598,950,31581,1000,860,5000,816.0700073242188,,,0,,,0,900,134,999,11940,1000,700,1000
RGO,,,1800,51,1800,320,50,1600,90,1800,29,1800,121,100,1200,1624,794.6500244140625,10,1500,10,,,0,2497.340087890625,79,2500,2969,,,0,794.6500244140625,,,0,,,0,3000,11,3000,18,100,1000,100
RHP,,,2950,2000,3400,2382,4991,2400,4991,4680,8,3990,275,,,0,2691.989990234375,,,0,,,0,5000,,,0,,,0,2691.989990234375,,,0,,,0,4720.419921875,20,4990,38,,,0
ROM,,,5000,100,4800,1395,100,4100,637,4000,,,0,100,3800,100,1901.5400390625,,,0,,,0,5100,18,5100,554,128,4220,728,1901.5400390625,10,3800,10,,,0,5000,97,5000,97,200,4000,200
RSE,,,23900,99,23900,608,200,21000,860,24013.640625,34,24300,112,18,22000,662,25000,2,25000,2,,,0,20362.640625,15,24000,2085,100,20000,455,11854.509765625,,,0,,,0,25700,4,25400,555,18,21000,584
RSH,,,25000,20,40000,1724,368,25000,368,25000,4,30000,24,88,25000,88,17252.720703125,,,0,,,0,25000,20,40000,3020,10,24500,10,17252.720703125,,,0,,,0,43000,18,39000,48,,,0
RSI,,,1192.97998046875,224,1200,1756,4,168,4,900,570,900,1149,100,805,106,681.4400024414062,,,0,,,0,1170,68,1170,6104,500,500,500,681.4400024414062,,,0,,,0,1707.260009765625,391,1190,487,,,0
RTA,,,25000,25,24500,61,34,13000,262,12730,29,12800,392,2,9300,126,17300,,,0,,,0,13900,141,13900,391,11,12200,25600,8976.76953125,,,0,,,0,15000,2,14800,241,88,12000,208
S,,,194,2188,194,16610,200,65,1200,173.42999267578125,8,220,3016,82,80,282,250,200,280,200,,,0,145,1484,189,36254,1717,145,5717,85.83999633789062,10,140,30,,,0,147,1778,147,7780,100,50,100
SA,,,7000,32,8000,32,69,7200,151,5800,,,0,,,0,3395,,,0,,,0,5800,1,6910,63,,,0,3395,,,0,,,0,9000,1,9000,5,,,0
SAL,,,9880,433,9880,470,100,8000,499,9990,131,9800,174,5,4000,5,3395,,,0,,,0,10000,6,9990,111,10,8500,240,3395,,,0,,,0,6000,,,0,,,0
SAR,,,35310.48046875,40,34000,566,30,31100,217,31600,30,39400,225,98,31600,354,9548.7099609375,,,0,,,0,28359.2890625,30,32000,182,10,29000,100,9548.7099609375,,,0,,,0,35000,100,34900,215,40,30000,50
SBU,,,30000,100,30000,100,,,0,29500,50,30000,50,6,26000,6,14796.6103515625,,,0,,,0,30000,37,30000,87,20,29500,23,14796.6103515625,,,0,,,0,22500,16,21900,89,,,0
SC,,,1050,523,1050,5446,300,810,1368,889,28,889,4566,972,761,972,900,100,1410,200,100,800,100,964,77,959,8070,500,810,1330,1250,5,2500,5,,,0,1000,1066,1000,4842,170,890,1498
SCB,,,150000,2,150000,5,,,0,125000,1,125000,1,,,0,54548.37890625,,,0,,,0,95000,9,98000,9,,,0,54548.37890625,,,0,,,0,100000,,,0,,,0
SCN,,,2500,40,2490,3895,100,2100,1154,2700,1499,2700,3160,50,2120,1113,2500,347,2500,1340,,,0,2380,28,2380,4656,12,2300,1311,3000,3,3000,13,,,0,2660,567,2660,1875,109,1900,540
SCR,82,,200,57,260,5906,2758,200,4858,170,1232,170,5290,1,140,1291,100,,,0,,,0,100,12,150,3072,1,100,1058,150,,,0,,,0,100,284,200,626,35,83,135
SDR,100000,,100000,19,120000,19,100,100000,100,100000,,,0,100,100000,100,37279.75,,,0,,,0,100000,,,0,100,100000,100,37279.75,,,0,,,0,100000,,,0,100,100000,100
SEA,,,189,1236,189,99973,1000,150,5985,160,2746,160,4225,3470,130,4474,120,,,0,,,0,173,3477,174,16729,350,160,9527,150,,,0,,,0,189,390,189,1071,200,165,7690
SEN,,,750,5000,800,15116,1000,760,8598,710,2817,840,6101,1250,681,2750,1300,,,0,50,610,100,770,1950,765,12614,1000,760,7951,282.6400146484375,,,0,,,0,750,1212,749,10015,160,720,1631
SEQ,,,15000,5,16000,5,10,15000,154,20000,1,20000,1,10,15000,20,8084.2998046875,,,0,,,0,16000,79,16000,109,10,15000,20,8084.2998046875,,,0,,,0,8084.2998046875,20,21000,20,10,15000,20
SF,6,18,16,95997,16,2123017,316,14.300000190734863,1004972,13.100000381469727,1771,13.399999618530273,1760739,414731,13.100000381469727,1394831,14,29420,18,114929,18973,14,19973,15.100000381469727,2106,15.600000381469727,3289741,1000,15.100000381469727,243996,18,8583,18,29248,20000,8,29490,15.899999618530273,100583,15.899999618530273,1944212,13750,15.800000190734863,163032
SFE,,,56000,2,55900,51,2,51000,6,58400,1,59000,59,,,0,25126.7890625,,,0,,,0,58000,4,57800,105,,,0,25126.7890625,,,0,,,0,58000,2,58200,70,2,2,2
SFK,,,89,241,89,34518,1000,77.0999984741211,28880,88.66000366210938,9099,90,19099,212,76.0999984741211,11112,75,,,0,,,0,90.33000183105469,2948,90.5,23388,4000,76,75375,50,,,0,,,0,85,840,85,16573,10000,75,11054
SFL,,,80000,1,79000,3,,,0,175000,1,137000,41,,,0,30779.7109375,,,0,,,0,80000,1,120000,3,,,0,30779.7109375,,,0,,,0,149000,2,148000,12,,,0
SI,,,2200,55,2290,8652,934,2200,4617,2240,55,2590,628,828,2240,4410,2100,,,0,,,0,2270,5,2300,11084,230,2270,3528,950,,,0,,,0,2200,150,2390,5238,189,2150,1053
SIL,,,1100,16,2850,618,,,0,2220,448,1990,782,21,900,121,2262.06005859375,4,10000,4,,,0,3950,28,3950,1179,,,0,2262.06005859375,4,5000,4,,,0,2880,6,2470,837,,,0
SIO,,,198,122,198,23884,279,151,15607,115,9860,115,39564,3813,105,19469,100,99,140,99,,,0,176,4656,176,43792,50,141,25846,250,,,0,,,0,101,2718,130,13972,453,100,16515
SNM,,,110000,1,100000,21,1,90000,1,175000,,,0,,,0,76472.2734375,,,0,,,0,80000,1,80000,27,1,70000,1,76472.2734375,,,0,,,0,76472.2734375,3,145000,13,,,0
SOI,,,589.5800170898438,428,550,16932,132,450,1627,569,78,569,1699,1000,500,1000,450,,,0,,,0,500,487,500,21516,828,460,2774,450,48,750,48,,,0,420,448,479,5170,372,420,11067
SOL,,,900,1000,1000,5350,1000,900,2000,1200,2032,1200,2426,800,1000,825,445.8999938964844,,,0,,,0,1000,300,1200,2501,200,910,2216,445.8999938964844,,,0,,,0,1200,26,1200,204,100,700,100
SP,2500,,2510,496,2510,30312,100,2500,100,2750,295,2750,4159,100,2500,100,2900,12,2900,154,,,0,2570,28,2570,61473,1000,2510,3882,1500,,,0,,,0,2730,26,2600,12199,100,2500,100
SRD,,,70000,3,98000,51,100,70000,100,60000,30,100000,30,100,70000,100,29443.779296875,,,0,,,0,70000,36,88000,36,100,70000,100,29443.779296875,,,0,,,0,70000,,,0,100,70000,100
SRP,,,10000,310,9500,1181,100,4000,200,10000,43,10000,43,,,0,6950.52978515625,,,0,,,0,550,,,0,100,4000,350,6950.52978515625,,,0,,,0,6950.52978515625,,,0,,,0
SSC,,,559.5,132,520,3615,12,454,1787,600,1093,600,4105,14,500,1508,500,,,0,,,0,521,60,521,12584,600,440,6403,400,87,400,97,,,0,500,901,500,1990,100,391,2289
SSL,,,50000,2,45000,34,,,0,47900,2,47900,21,,,0,18158.619140625,,,0,,,0,47000,2,47000,52,1,30000,1,18158.619140625,,,0,,,0,45000,34,45000,35,,,0
STL,,,1900,349,1900,9003,986,1620,3658,1710,60,1710,5955,41,1500,1449,1600,,,0,,,0,1430,63,1570,26788,182,1430,3518,800,10,1900,10,,,0,1690,85,1690,3562,10,1420,531
STR,1750,,4500,20,5000,20,908,2000,2416,1750,26,4000,28,30,2500,480,2350,1,2350,1,,,0,1750,33,2700,514,100,1750,224,2000,,,0,,,0,3000,20,2500,300,100,1750,300
STS,,,150000,44,150000,107,,,0,154000,7,154000,20,,,0,95518.15625,,,0,,,0,170000,14,170000,26,,,0,95518.15625,,,0,,,0,165000,4,170000,11,1,1,1
SU,,,175000,1,300000,1,5,120000,5,150000,1,199000,2,,,0,110719.96875,,,0,,,0,500000,5,300000,5,,,0,110719.96875,,,0,,,0,110719.96875,,,0,,,0
SUD,100000,,83500,,,0,100,100000,100,100000,,,0,100,100000,100,37925.1015625,,,0,,,0,83000,,,0,4,101000,104,37925.1015625,,,0,,,0,84000,,,0,100,100000,100
SUN,,,501,380,501,380,3427,500,4427,582,120,582,828,80,353,353,430,1282,430,1872,,,0,549,20,549,2566,893,425,12450,500,,,0,,,0,648,100,647,1747,661,380,661
SWF,,,236,310,236,26110,200,206,9586,300,796,349,4524,2600,300,7412,80.22000122070312,,,0,,,0,250,275,250,10277,2000,240,5993,110,100,270,100,,,0,300,995,339,9618,1000,194,1100
TA,,,10500,972,10500,1806,100,7500,100,9700,7,9700,342,1,8120,28,6462.43017578125,,,0,50,8000,50,9843,15,9850,931,100,8560,300,6462.43017578125,,,0,,,0,9790,98,9790,594,,,0
TAC,,,91458.328125,2,600000,43,30,150000,30,500000,,,0,,,0,91458.328125,,,0,,,0,550000,6,500000,6,,,0,91458.328125,,,0,,,0,91458.328125,,,0,,,0
TAI,,,670,79,550,1379,95,300,1595,680,,,0,200,400,700,121.01000213623047,,,0,,,0,550,207,880,4588,197,550,1714,121.01000213623047,,,0,,,0,550,36,1000,36,200,280,200
TBU,,,58000,100,58000,100,20,55000,40,58000,50,58000,50,15,50000,30,22694.48046875,,,0,,,0,55000,80,55000,130,20,50000,20,22694.48046875,,,0,,,0,55000,50,58000,50,,,0
TC,,,8250,67,8250,513,480,7500,480,8900,59,8900,59,10,2250,36,3830.89990234375,,,0,,,0,7500,80,7500,360,,,0,3830.89990234375,,,0,,,0,8750,21,8000,24,1,6500,116
TCB,,,19000,4,19000,6,,,0,16800,7,16800,7,,,0,9647.73046875,,,0,,,0,49900,1,49000,2,,,0,9647.73046875,,,0,,,0,28000,,,0,,,0
TCL,,,2400,55,2700,6833,7,2400,796,2700,180,2950,7671,20,2700,140,4000,12,3500,276,,,0,3200,400,3200,11106,250,2800,4587,1903.9000244140625,,,0,,,0,2303.389892578125,1000,2850,4484,150,2300,150
TCO,,,600,185,600,2925,300,250,366,340,98,340,1228,128,136,219,120,102,120,195,,,0,500,103,599,664,500,250,500,130,93,650,535,,,0,400,91,390,980,,,0
TCS,,,2500,2130,2500,5101,20,2230,196,2500,45,2500,1042,,,0,3600,47,3600,47,,,0,2000,100,2550,8098,80,2000,580,3500,,,0,,,0,3000,79,3000,188,,,0
TCU,,,180000,1,200000,17,5,80000,5,150000,1,250000,1,2,120000,2,69644.7890625,,,0,,,0,199000,2,180000,2,1,90000,3,69644.7890625,,,0,,,0,250000,1,250000,1,,,0
THF,,,420,976,420,976,860,327,860,495,1000,490,8895,120,200,120,400,280,400,840,,,0,450,1823,450,35926,1000,400,7493,400,,,0,,,0,497,1800,497,5356,,,0
THP,,,4540,32,4540,250,,,0,4690,81,4690,929,,,0,2398.5,,,0,,,0,3000,4,2910,1359,,,0,2398.5,,,0,,,0,4520,126,4520,380,,,0
TI,,,1650,94,1650,15765,1000,1310,18632,839.9600219726562,222,1350,4022,100,850,1113,2900,200,2000,200,,,0,1730,115,1730,19438,48,1570,2909,2250,100,1700,100,,,0,1541.3299560546875,44,1550,8346,200,1140,987
TIO,74,,200,1845,239,50272,4556,200,67430,127.9000015258789,80,195,1956,300,110,680,330,,,0,,,0,198,269,198,50313,100,128,11538,74.80999755859375,,,0,,,0,172.80999755859375,1265,190,10912,1000,135,6023
TK,,,40000,,,0,300,25000,300,40000,2,35000,12,5,25000,5,20209.48046875,,,0,,,0,30000,4,39900,227,37,30000,37,20209.48046875,,,0,,,0,39500,,,0,,,0
TPU,,,4000,28,3790,128,14,3400,1582,3300,200,4000,200,308,3300,308,1173.27001953125,,,0,,,0,3570,48,3570,253,10,3300,480,1000,,,0,,,0,3990,527,3990,527,,,0
TRA,,,1892.8499755859375,44,1890,3595,,,0,2500,82,2500,142,500,1700,500,838.6799926757812,,,0,,,0,2000,87,2000,468,266,1800,266,838.6799926757812,,,0,,,0,2400,10,2790,41,100,1800,100
TRN,,,490,82,500,38359,,,0,543,500,789,2066,88,543,8291,600,,,0,,,0,640,527,630,30202,1000,530,6975,50,,,0,,,0,700,1000,698,17219,200,570,2554
TRU,,,620,262,620,6115,8,530,29621,546,444,549,5137,5,461,731,800,86,800,86,4,450,4,550,980,550,14311,522,480,7174,490,29,490,521,,,0,700,279,700,579,100,600,4815
TS,,,300,2000,899,5591,10,300,304,178,2,440,305,20,90,1243,74.80999755859375,,,0,,,0,500,1000,700,2000,10000,300,11390,74.80999755859375,,,0,,,0,500,,,0,14,500,2447
TSH,,,28900,1,28800,6802,25,25100,36,32900,13,33000,13,9,27000,13,30000,94,30000,94,,,0,29900,2,29900,5268,25,26900,216,16479.69921875,,,0,,,0,30000,197,30000,197,1,29000,41
TUB,,,190,1170,190,24927,910,170,4968,100,480,300,4790,340,100,340,270,11,270,366,,,0,200,60,230,25999,429,200,16429,190,200,190,719,,,0,265,2000,263,68893,10000,100,10000
UTS,3500,,4970,47,4970,989,84,4510,1424,6000,11,6000,68,4,3750,276,5400,10,5200,120,,,0,4500,156,4900,1154,86,4500,4727,3000,,,0,,,0,6990,103,7000,303,100,3500,100
VCB,,,400000,1,799000,3,,,0,970000,1,870000,2,,,0,327138.125,,,0,,,0,609000,1,600000,4,,,0,327138.125,,,0,,,0,699000,1,600000,2,,,0
VEG,88,,345.8699951171875,3495,350,29271,800,336,16151,320,1093,320,10985,9443,290,10641,180,,,0,,,0,379,500,379,13939,2319,371,21007,300,2750,375,2750,974,300,974,321,56,340,8169,6491,320,39369
VG,,,2000,95,2000,6872,15,1640,2575,2590,100,2490,6247,3,1650,3,3200,10,5000,10,,,0,2340,78,2340,3587,100,2100,1630,2000,20,2400,20,,,0,2540,20,2520,5458,30,2140,2251
VIT,,,797,491,797,2553,61,760,1567,782,7,782,1533,,,0,324.4700012207031,,,0,,,0,749.3699951171875,1500,750,1571,,,0,324.4700012207031,,,0,,,0,818,116,789,1927,,,0
VSC,,,31000,4,31000,4,,,0,21900,,,0,,,0,16535.4296875,,,0,,,0,25000,1,25000,5,,,0,16535.4296875,,,0,,,0,16535.4296875,,,0,,,0
W,,,10000,24,9980,1965,23,8000,209,14000,86,15000,458,82,8000,82,6243.66015625,,,0,,,0,8500,120,9900,3762,16,8500,546,6243.66015625,,,0,10,8000,10,8000,10,12000,120,100,7000,110
WAI,,,91037.1875,10,95000,250,10,90000,160,110000,11,110000,11,2,95100,64,100000,50,100000,261,,,0,95000,4,95000,60,10,93500,107,51820.4609375,,,0,,,0,93800,8,93800,52,10,80000,10
WAL,,,5030,67,6300,5300,,,0,7500,20,7500,20,24,3000,74,2796.830078125,,,0,,,0,5990,200,6000,6196,100,4700,200,2796.830078125,,,0,,,0,6980,47,6980,1772,,,0
WCB,,,729000,1,729000,8,1,600000,8,749000,1,749000,2,1,200000,1,328698.125,,,0,,,0,698000,9,698000,16,1,500000,2,328698.125,,,0,,,0,889000,1,889000,6,1,200000,1
WIN,,,6146.490234375,123,6200,12626,115,6000,1285,6190,58,6190,2114,500,6000,1460,10000,5,15000,13,,,0,6090,220,6090,8678,133,6000,2617,12000,,,0,,,0,6039.10009765625,10,6040,5147,12,6000,1612
WM,,,13000,60,13000,449,2,4000,2,14600,1,14600,34,,,0,6790,,,0,,,0,12700,98,12700,368,,,0,6790,,,0,,,0,9800,,,0,,,0
WOR,,,150000,25,150000,25,,,0,100000,,,0,,,0,83883.15625,,,0,,,0,160000,6,160000,6,,,0,83883.15625,,,0,,,0,135000,,,0,,,0
WR,,,140000,1,150000,2,100,140000,100,140000,,,0,100,140000,100,78076.21875,,,0,,,0,140000,2,150000,2,100,140000,100,78076.21875,,,0,,,0,140000,,,0,100,140000,100
WS,,,4690,20,4600,934,100,4400,10300,4200,196,4200,1324,100,3000,10102,6000,4,6000,4,,,0,5270,59,5270,2589,15,4750,573,2593.969970703125,20,9000,20,,,0,5000,91,5000,1457,122,3510,128
ZIR,,,999,1000,999,1806,899,202,1899,800,1000,1490,3468,23,800,43,117.55000305175781,,,0,,,0,690,2995,690,8341,400,290,3188,117.55000305175781,,,0,,,0,500,535,999,544,,,0
ZR,,,13000,15,14800,665,80,10000,80,12000,5,12000,84,48,10000,147,5977.02001953125,,,0,,,0,10000,20,14900,295,75,10000,95,5977.02001953125,,,0,,,0,13400,5,11800,255,,,0
