Ticker,MMBuy,MMSell,AI1-Average,AI1-AskAmt,AI1-AskPrice,AI1-AskAvail,AI1-BidAmt,AI1-BidPrice,AI1-BidAvail,CI1-Average,CI1-AskAmt,CI1-AskPrice,CI1-AskAvail,CI1-BidAmt,CI1-BidPrice,CI1-BidAvail,CI2-Average,CI2-AskAmt,CI2-AskPrice,CI2-AskAvail,CI2-BidAmt,CI2-BidPrice,CI2-BidAvail,NC1-Average,NC1-AskAmt,NC1-AskPrice,NC1-AskAvail,NC1-BidAmt,NC1-BidPrice,NC1-BidAvail,NC2-Average,NC2-AskAmt,NC2-AskPrice,NC2-AskAvail,NC2-BidAmt,NC2-BidPrice,NC2-BidAvail,IC1-Average,IC1-AskAmt,IC1-AskPrice,IC1-AskAvail,IC1-BidAmt,IC1-BidPrice,IC1-BidAvail
AAR,,,15000.0,20.0,16000.0,318,10.0,14000.0,10,14900.0,129.0,14900.0,625,,,0,20000.0,,,0,,,0,15000.0,4.0,15500.0,493,6.0,14000.0,106,6765.330078125,,,0,,,0,14000.0,7.0,14000.0,7,,,0
ABH,,,48050.0,50.0,49000.0,687,24.0,43200.0,602,44000.0,4.0,48000.0,104,15.0,42200.0,167,46000.0,,,0,,,0,42000.0,8.0,47000.0,667,81.0,42000.0,708,24074.48046875,,,0,,,0,55832.08984375,30.0,59700.0,117,200.0,40000.0,523
ACS,,,120000.0,1.0,140000.0,25,1.0,130000.0,29,160000.0,3.0,149000.0,14,,,0,74556.703125,,,0,,,0,150000.0,1.0,150000.0,10,1.0,130000.0,1,74556.703125,,,0,,,0,180000.0,,,0,,,0
ADE,,,46000.0,10.0,49800.0,475,16.0,45100.0,500,52000.0,29.0,53700.0,154,174.0,42200.0,403,43000.0,,,0,,,0,44855.6796875,11.0,49900.0,424,41.0,44300.0,695,21210.509765625,,,0,,,0,54302.46875,3.0,54400.0,247,8.0,35700.0,285
ADR,70000.0,,80000.0,10.0,80000.0,20,100.0,70000.0,100,75000.0,6.0,80000.0,7,100.0,70000.0,100,60000.0,,,0,,,0,70000.0,10.0,150000.0,10,10.0,80000.0,120,29108.779296875,,,0,,,0,71000.0,35.0,78000.0,44,100.0,70000.0,100
ADS,,,130000.0,4.0,130000.0,352,1.0,120000.0,25,110000.0,3.0,110000.0,118,20.0,80000.0,20,250000.0,,,0,,,0,120000.0,10.0,128000.0,382,1.0,120000.0,45,55055.921875,,,0,,,0,131416.671875,89.0,132000.0,254,3.0,61000.0,16
AEF,,,4000.0,130.0,4500.0,1175,100.0,3000.0,100,4000.0,261.0,4000.0,2845,13.0,3550.0,192,4000.0,,,0,,,0,4000.0,79.0,4900.0,2105,6.0,4000.0,388,4500.0,,,0,,,0,3630.0,144.0,5000.0,869,177.0,3620.0,717
AEN,,,2000000.0,1.0,2000000.0,2,,,0,1500000.0,,,0,1.0,1000000.0,1,974291.3125,,,0,1.0,1000000.0,1,2500000.0,1.0,2500000.0,1,2.0,989000.0,2,974291.3125,,,0,,,0,974291.3125,,,0,,,0
AFP,,,134241.84375,,,0,,,0,134241.84375,,,0,,,0,134241.84375,,,0,,,0,30000.0,,,0,,,0,134241.84375,,,0,,,0,134241.84375,,,0,,,0
AFR,,,18000.0,16.0,40000.0,16,6.0,18000.0,43,19000.0,,,0,20.0,16000.0,20,7797.1201171875,,,0,,,0,20000.0,5.0,20000.0,8,18.0,16000.0,18,7797.1201171875,,,0,,,0,20000.0,,,0,,,0
AGS,,,400000.0,,,0,,,0,400000.0,,,0,,,0,500000.0,,,0,,,0,600000.0,14.0,600000.0,14,,,0,219398.5,,,0,,,0,700000.0,2.0,799000.0,3,,,0
AHP,,,10500.0,545.0,9000.0,2473,100.0,8000.0,476,12000.0,238.0,12000.0,266,,,0,5547.2099609375,,,0,,,0,11900.0,200.0,12000.0,1672,1.0,9000.0,451,5547.2099609375,,,0,,,0,9010.0,10.0,14400.0,345,20.0,9000.0,20
AIR,200000.0,,200000.0,28.0,201000.0,32,100.0,200000.0,100,200000.0,1.0,221000.0,1,100.0,200000.0,100,90993.921875,,,0,,,0,200000.0,10.0,240000.0,10,100.0,200000.0,100,90993.921875,,,0,,,0,200000.0,4.0,250000.0,4,100.0,200000.0,100
AL,,,1317.4300537109375,20178.0,1330.0,49669,648.0,1210.0,18476,1034.8299560546875,96.0,1840.0,12078,356.0,1000.0,7757,1216.1500244140625,909.0,2000.0,909,901.0,950.0,903,1500.0,816.0,1500.0,25385,255.0,1170.0,10950,750.0,26.0,800.0,26,,,0,1200.0,1604.0,1630.0,7340,825.0,1200.0,10003
ALE,,,1450.0,297.0,1450.0,11903,200.0,1320.0,8623,1200.0,40.0,1200.0,11459,700.0,1140.0,3893,1300.0,100.0,1500.0,100,,,0,1210.0,285.0,1380.0,13121,469.0,1210.0,3897,1600.0,4.0,1800.0,63,,,0,1290.0,108.0,1290.0,4043,400.0,1240.0,6891
ALG,80.0,,320.0,731.0,360.0,18416,103.0,321.0,5340,360.0,555.0,330.0,5960,10000.0,310.0,23191,250.0,,,0,,,0,399.6499938964844,1138.0,400.0,11704,3948.0,390.0,15870,100.0,,,0,1000.0,200.0,1000,331.0,2450.0,340.0,5876,1976.0,331.0,25173
ALO,42.0,,374.3200073242188,42.0,487.0,21474,1000.0,251.0,35129,496.0,342.0,496.0,19818,4.0,300.0,13406,200.0,888.0,400.0,888,,,0,488.6499938964844,1850.0,489.0,31198,100.0,300.0,22914,60.0,100.0,50.0,300,,,0,251.0,5000.0,499.0,15177,496.0,251.0,13758
AMM,61.0,,139.0,100.0,138.0,28114,1000.0,101.0,7062,135.0,1216.0,135.0,54123,90.0,103.0,55988,90.0,850.0,90.0,2170,,,0,132.0,31153.0,132.0,157527,787.0,117.0,54256,90.0,500.0,100.0,3773,2227.0,90.0,2227,125.0,7672.0,125.0,47993,2500.0,105.0,23413
ANZ,,,70600.546875,,,0,,,0,70600.546875,,,0,,,0,70600.546875,,,0,,,0,70600.546875,,,0,,,0,70600.546875,,,0,,,0,70600.546875,,,0,,,0
APT,,,14713.240234375,33.0,14000.0,922,100.0,12800.0,310,15000.0,,,0,,,0,6935.35009765625,,,0,,,0,22000.0,,,0,50.0,13500.0,200,6935.35009765625,,,0,,,0,50000.0,1.0,50000.0,1,,,0
AR,,,189.72000122070312,3955.0,220.0,24026,9900.0,150.0,30263,168.0,3334.0,168.0,61928,9888.0,130.0,22188,200.0,,,0,300.0,200.0,1300,304.0,1155.0,303.0,20783,1800.0,200.0,3900,400.0,,,0,,,0,238.6300048828125,1000.0,238.0,17417,20.0,200.0,5922
ARP,,,10000.0,44.0,10000.0,122,,,0,8500.0,,,0,,,0,4639.3798828125,,,0,,,0,8500.0,99.0,8500.0,102,,,0,4639.3798828125,,,0,,,0,4639.3798828125,,,0,,,0
ASE,,,43200.0,111.0,44400.0,685,16.0,41100.0,879,40100.0,13.0,42400.0,398,28.0,40100.0,232,19526.619140625,2.0,42000.0,2,10.0,33000.0,10,38000.0,61.0,42000.0,1018,133.0,38000.0,535,19526.619140625,,,0,,,0,40800.0,41.0,40800.0,777,6.0,34500.0,97
AST,,,2110.0,200.0,2770.0,1579,670.0,2110.0,2762,2300.0,307.0,2730.0,713,100.0,2000.0,101,1626.449951171875,,,0,,,0,2890.0,2566.0,2890.0,7008,2.0,1000.0,2,2000.0,,,0,,,0,2000.0,248.0,2420.0,278,,,0
ATA,,,31400.0,58.0,31400.0,527,8.0,27500.0,143,29900.0,94.0,29900.0,174,35.0,25000.0,92,1600.0,,,0,,,0,26070.0,88.0,29800.0,551,34.0,26000.0,856,15767.91015625,,,0,,,0,29540.560546875,35.0,29600.0,414,20.0,26000.0,150
ATP,,,15000.0,10.0,20000.0,10,6.0,15000.0,206,30000.0,,,0,,,0,12361.0,,,0,,,0,25000.0,,,0,,,0,12361.0,,,0,,,0,25000.0,,,0,,,0
AU,,,2740.0,10.0,2780.0,5873,54.0,1720.0,160,2650.0,5.0,2680.0,987,221.0,1960.0,1013,950.0,,,0,,,0,2390.0,22.0,2370.0,7940,500.0,1830.0,1129,998.0,31.0,1500.0,31,,,0,1960.0,50.0,2250.0,4265,568.0,1960.0,976
AUO,137.0,,390.0,120.0,440.0,14601,50.0,351.0,3894,500.0,642.0,500.0,3431,2.0,417.0,2869,225.0,,,0,900.0,225.0,900,420.0,111.0,420.0,18081,90.0,347.0,22863,270.0,56.0,380.0,56,,,0,221.0,458.0,550.0,1596,104.0,221.0,1304
AWF,,,6737.5,30.0,6900.0,102,50.0,6000.0,240,6400.0,3.0,6400.0,71,,,0,2940.56005859375,,,0,,,0,6000.0,35.0,6000.0,209,12.0,5000.0,12,2940.56005859375,,,0,,,0,10000.0,100.0,8990.0,118,,,0
AWH,,,12900.0,650.0,13500.0,679,100.0,10000.0,100,12500.0,25.0,25000.0,25,,,0,8377.23046875,,,0,,,0,24000.0,8.0,24000.0,88,50.0,10000.0,150,8377.23046875,,,0,,,0,25000.0,30.0,25000.0,30,,,0
BAC,,,2496.669921875,275.0,3000.0,2174,100.0,2200.0,1542,2200.0,,,0,57.0,2200.0,557,1276.02001953125,,,0,,,0,2550.0,452.0,2550.0,2252,40.0,2300.0,1454,1276.02001953125,,,0,,,0,2800.0,40.0,2800.0,391,500.0,2200.0,930
BAI,,,15000.0,50.0,16000.0,50,43.0,15000.0,393,14500.0,2.0,14900.0,55,,,0,6790.0,,,0,,,0,20000.0,22.0,26900.0,22,50.0,15000.0,207,6790.0,,,0,,,0,12000.0,2.0,15000.0,2,,,0
BBH,750.0,2550.0,2550.0,100.0,2550.0,130,500.0,2520.0,3213,2540.0,891.0,2540.0,2055,10.0,2460.0,854,2540.0,62.0,2500.0,1343,28.0,1900.0,28,2460.0,24.0,2460.0,5445,19.0,2400.0,1446,2550.0,36.0,2550.0,36,69.0,1960.0,118,2550.0,100.0,2550.0,254,20.0,2490.0,536
BCO,,,815.1300048828125,240.0,840.0,3181,750.0,800.0,6119,680.0,224.0,800.0,224,815.0,680.0,17228,302.92999267578125,20.0,650.0,387,,,0,732.0,110.0,732.0,11908,1720.0,695.0,23401,640.0,,,0,,,0,651.0,1800.0,649.0,7100,1000.0,551.0,7000
BDE,850.0,2350.0,2200.0,100.0,2350.0,127,190.0,2200.0,2313,2340.0,25.0,2340.0,553,82.0,1650.0,344,2340.0,626.0,2340.0,751,,,0,2210.0,15.0,2210.0,144,100.0,2200.0,2350,2350.0,67.0,2350.0,67,,,0,2350.0,100.0,2350.0,349,4.0,1800.0,390
BE,,,2100.0,995.0,2390.0,17823,900.0,2100.0,3100,1810.0,78.0,2100.0,1294,76.0,1810.0,2787,2900.0,42.0,2900.0,142,,,0,1660.0,120.0,1900.0,27088,240.0,1660.0,2190,1192.0899658203125,20.0,2500.0,20,,,0,1500.0,191.0,2320.0,7455,,,0
BEA,84.0,,450.0,23.0,450.0,569,993.0,360.0,34245,322.0,130.0,390.0,11053,9984.0,322.0,43604,250.0,,,0,,,0,471.0,7375.0,477.0,10825,202.0,471.0,23114,325.0,2000.0,325.0,2016,225.0,250.0,1225,362.0,79.0,400.0,11239,3353.0,362.0,44484
BER,,,318.0,1000.0,697.0,20197,20.0,355.0,5933,650.0,869.0,729.0,2347,534.0,650.0,7782,500.0,,,0,,,0,551.0,486.0,670.0,6586,455.0,551.0,10920,117.5500030517578,,,0,,,0,500.0,469.0,500.0,10313,1000.0,307.0,3293
BFP,,,20000.0,,,0,,,0,25000.0,1.0,25000.0,1,,,0,20224.419921875,,,0,,,0,24000.0,,,0,,,0,20224.419921875,,,0,,,0,20224.419921875,,,0,,,0
BFR,,,4000.0,19.0,4000.0,40,3.0,3000.0,3,4000.0,33.0,4000.0,33,,,0,2515.219970703125,,,0,,,0,3600.0,20.0,8000.0,20,50.0,4000.0,50,2515.219970703125,,,0,,,0,3000.0,,,0,307.0,3000.0,307
BGC,,,679.0,2033.0,679.0,19853,227.0,600.0,8717,714.0,850.0,714.0,10580,360.0,610.0,2070,600.0,36.0,600.0,36,,,0,695.0999755859375,160.0,700.0,10147,500.0,580.0,5360,500.0,,,0,,,0,500.0,950.0,695.0,1002,1000.0,550.0,1469
BGO,,,2800.0,68.0,3100.0,11655,220.0,2800.0,429,3200.0,77.0,3200.0,458,200.0,2830.0,597,2000.0,20.0,5000.0,20,,,0,2510.0,45.0,2790.0,3976,10.0,2510.0,920,1300.0,47.0,2300.0,97,,,0,2742.64990234375,150.0,2890.0,1246,100.0,2600.0,200
BGS,,,220000.0,2.0,220000.0,2,,,0,199000.0,12.0,199000.0,12,,,0,87483.4765625,,,0,,,0,199000.0,7.0,199000.0,22,,,0,87483.4765625,,,0,,,0,199000.0,24.0,199000.0,53,1.0,1.0,1
BHP,,,5790.0,990.0,5790.0,1322,29.0,4210.0,1175,5980.0,198.0,5980.0,972,15.0,5500.0,447,1500.0,,,0,,,0,5180.0,175.0,5180.0,3561,215.0,3400.0,764,1500.0,10.0,3350.0,10,,,0,5000.0,127.0,5000.0,884,498.0,4300.0,770
BID,,,34000.0,75.0,115000.0,75,,,0,3000.0,10.0,100000.0,10,,,0,24534.48046875,,,0,,,0,75000.0,10.0,100000.0,20,,,0,24534.48046875,,,0,,,0,24534.48046875,10.0,100000.0,10,,,0
BL,,,6590.0,471.0,6590.0,795,2.0,6000.0,152,9000.0,62.0,8000.0,180,100.0,5500.0,100,4500.0,,,0,,,0,11900.0,100.0,9950.0,453,100.0,5500.0,200,2975.580078125,,,0,,,0,10000.0,15.0,10000.0,15,100.0,5500.0,100
BLE,,,2300.0,24.0,2490.0,1800,,,0,2900.0,80.0,2340.0,2296,,,0,1800.1600341796875,,,0,,,0,2400.0,184.0,2400.0,1522,100.0,2000.0,500,1800.1600341796875,,,0,,,0,2500.0,108.0,2400.0,869,300.0,1500.0,400
BMF,,,31000.0,1.0,31000.0,161,50.0,25000.0,170,39900.0,5.0,39600.0,105,50.0,25000.0,64,10932.1796875,,,0,5.0,22000.0,5,36900.0,100.0,36000.0,328,10.0,31000.0,110,10932.1796875,,,0,,,0,30900.0,86.0,30800.0,138,50.0,25000.0,60
BND,,,200.0,3740.0,225.0,4740,1000.0,190.0,1000,265.19000244140625,90.0,300.0,90,900.0,200.0,900,269.8999938964844,,,0,,,0,200.0,80.0,389.0,97,371.0,200.0,381,500.0,,,0,,,0,190.0,,,0,,,0
BOR,,,440.0,1500.0,440.0,20408,1000.0,390.0,6609,620.0,708.0,620.0,708,50.0,331.0,200,300.0,,,0,300.0,225.0,300,620.0,747.0,620.0,5934,498.0,475.0,5349,75.0,,,0,50.0,130.0,250,500.0,28.0,500.0,28,5.0,350.0,1155
BOS,,,4500.0,8.0,9500.0,8,105.0,3200.0,405,4500.0,,,0,,,0,3500.0,24.0,3250.0,24,,,0,4907.25,86.0,5000.0,586,100.0,4000.0,700,1907.8199462890625,,,0,,,0,2900.0,20.0,4900.0,228,124.0,2900.0,124
BPT,,,10000.0,23.0,10000.0,29,8.0,5000.0,8,8000.0,10.0,8000.0,10,,,0,2205.449951171875,,,0,,,0,12000.0,212.0,12000.0,212,30.0,4800.0,30,2205.449951171875,,,0,,,0,8000.0,,,0,,,0
BR1,,,980000.0,1.0,974000.0,12,1.0,610000.0,6,800000.0,1.0,987000.0,12,1.0,500000.0,1,1300000.0,,,0,,,0,900000.0,1.0,930000.0,12,1.0,500000.0,1,252956.640625,,,0,,,0,930000.0,1.0,939000.0,11,1.0,1.0,1
BR2,,,899000.0,1.0,900000.0,9,,,0,900000.0,1.0,944000.0,10,,,0,1300000.0,,,0,,,0,899000.0,3.0,900000.0,7,,,0,339977.96875,,,0,,,0,900000.0,2.0,900000.0,11,,,0
BRM,,,180.0,950.0,249.0,4698,384.0,180.0,7755,101.0,859.0,283.0,6120,318.0,101.0,424,270.0,3165.0,200.0,16907,3200.0,110.0,4200,201.0,20833.0,264.0,39376,150.0,202.0,4269,200.0,87.0,250.0,287,,,0,101.0,680.0,100.0,7595,,,0
BRO,,,2380.0,133.0,2380.0,3980,54.0,2100.0,54,1900.0,21.0,1900.0,655,50.0,1800.0,150,829.989990234375,7.0,2500.0,7,,,0,2300.0,58.0,2390.0,607,25.0,1900.0,962,829.989990234375,,,0,,,0,1880.0,31.0,1880.0,1158,9.0,1000.0,9
BRP,,,5000.0,24.0,6000.0,24,,,0,6000.0,6.0,6000.0,6,,,0,2656.760009765625,,,0,,,0,5500.0,1.0,5400.0,4,,,0,2656.760009765625,,,0,,,0,2656.760009765625,,,0,,,0
BRS,,,480000.0,,,0,1.0,350000.0,5,420000.0,1.0,420000.0,2,1.0,200000.0,1,126513.0703125,,,0,,,0,420000.0,1.0,420000.0,4,,,0,126513.0703125,,,0,,,0,300000.0,1.0,450000.0,2,,,0
BSC,,,52000.0,20.0,53000.0,20,20.0,51000.0,124,52000.0,32.0,150000.0,32,10.0,50000.0,15,14471.7197265625,,,0,,,0,52000.0,8.0,52000.0,8,1.0,50000.0,101,14471.7197265625,,,0,,,0,46000.0,30.0,55000.0,30,10.0,50000.0,13
BSE,425.0,1650.0,1650.0,100.0,1650.0,202,500.0,1620.0,9199,1640.0,121.0,1640.0,387,3.0,1600.0,1414,1600.0,48.0,1750.0,88,,,0,1620.0,14.0,1630.0,5945,9.0,1620.0,3796,2000.0,13.0,2000.0,13,10.0,500.0,10,1650.0,100.0,1650.0,546,8.0,1600.0,1188
BTA,,,1590.0,8.0,1590.0,190,46.0,1300.0,639,1600.0,100.0,1600.0,105,285.0,940.0,729,1590.0,392.0,1590.0,517,,,0,1420.0,7.0,1550.0,378,82.0,1420.0,1709,1600.0,78.0,1600.0,278,,,0,1600.0,100.0,1600.0,123,1.0,900.0,281
BTS,,,400.0,725.0,500.0,16610,144.0,400.0,3083,400.0,7775.0,669.0,31445,,,0,100.3499984741211,,,0,,,0,400.239990234375,2000.0,550.0,22030,500.0,390.0,1000,100.3499984741211,,,0,,,0,404.0,180.0,485.0,2712,1000.0,403.0,2000
BWH,,,7500.0,40.0,17000.0,40,,,0,5000.0,,,0,,,0,3002.35009765625,,,0,,,0,3250.0,,,0,73.0,3250.0,73,3002.35009765625,,,0,,,0,4000.0,,,0,,,0
BWS,,,23500.0,18.0,23900.0,412,17.0,19100.0,57,24900.0,75.0,24900.0,161,,,0,30000.0,,,0,5.0,22000.0,5,23900.0,31.0,23900.0,633,13.0,19100.0,43,8590.1298828125,,,0,,,0,23159.58984375,4.0,23100.0,71,,,0
C,225.0,,838.0,4044.0,838.0,89433,16.0,830.0,17866,819.0,100.0,815.0,26406,3.0,800.0,46207,1134.9100341796875,83.0,1250.0,2393,1000.0,750.0,2100,802.3200073242188,1358.0,810.0,71244,5.0,761.0,36098,377.6400146484375,,,0,,,0,705.0,6842.0,729.0,69265,8702.0,705.0,23318
CA,,,650.0,160.0,700.0,486,10.0,650.0,440,500.0,1975.0,500.0,1975,100.0,300.0,350,101.0,,,0,,,0,1160.0,223.0,1160.0,901,100.0,200.0,389,991.1799926757812,15.0,1000.0,15,,,0,736.75,150.0,2250.0,337,199.0,100.0,199
CAF,,,1600.0,260.0,1800.0,647,893.0,1600.0,2988,1790.0,22.0,1500.0,2258,200.0,1170.0,1371,1000.0,,,0,,,0,1870.0,44.0,1820.0,5558,50.0,1750.0,9320,776.280029296875,,,0,500.0,1000.0,500,1550.0,404.0,1740.0,5791,168.0,1500.0,4095
CAP,,,255.0,491.0,255.0,3302,,,0,250.0,745.0,275.0,745,78.0,250.0,78,141.97000122070312,,,0,,,0,240.0,114.0,250.0,6914,240.0,225.0,240,141.97000122070312,100.0,280.0,100,,,0,250.0,2.0,300.0,1002,100.0,100.0,100
CBL,91000.0,,91000.0,1.0,92000.0,105,100.0,91000.0,100,91000.0,4.0,92000.0,16,100.0,91000.0,100,88000.0,,,0,,,0,91000.0,10.0,95000.0,72,100.0,91000.0,100,43652.0703125,,,0,,,0,91000.0,15.0,100000.0,96,100.0,91000.0,100
CBM,63000.0,,63000.0,11.0,65000.0,19,100.0,63000.0,100,63000.0,,,0,100.0,63000.0,100,29521.830078125,,,0,,,0,63000.0,10.0,69800.0,26,100.0,63000.0,100,29521.830078125,,,0,,,0,63000.0,,,0,100.0,63000.0,100
CBS,,,42100.0,16.0,43000.0,71,84.0,42100.0,184,42000.0,,,0,100.0,42000.0,100,17911.099609375,5.0,50000.0,5,,,0,42000.0,5.0,42900.0,87,100.0,42000.0,100,17911.099609375,,,0,,,0,42000.0,10.0,43700.0,25,100.0,42000.0,100
CBU,,,385000.0,100.0,385000.0,103,10.0,380000.0,30,390000.0,50.0,385000.0,52,10.0,380000.0,15,173954.71875,,,0,,,0,385000.0,50.0,385000.0,52,10.0,370000.0,20,173954.71875,,,0,,,0,390000.0,50.0,385000.0,54,10.0,380000.0,20
CC,650000.0,,650000.0,1.0,2000000.0,1,100.0,650000.0,100,370000.0,,,0,100.0,650000.0,100,330828.71875,,,0,,,0,650000.0,5.0,750000.0,5,100.0,650000.0,100,330828.71875,,,0,,,0,650000.0,,,0,100.0,650000.0,100
CCD,,,80000.0,20.0,80100.0,20,100.0,80000.0,100,80000.0,5.0,90000.0,95,100.0,80000.0,100,27557.33984375,,,0,,,0,90000.0,1.0,90000.0,31,100.0,80000.0,100,27557.33984375,,,0,,,0,80000.0,5.0,85000.0,5,100.0,80000.0,100
CD,,,11000.0,15.0,11000.0,130,48.0,10000.0,48,12000.0,,,0,,,0,7880.33984375,,,0,,,0,13200.0,60.0,13200.0,60,10.0,12000.0,110,7880.33984375,,,0,,,0,13200.0,,,0,,,0
CF,,,8000.0,199.0,8000.0,554,66.0,6500.0,346,5500.0,8.0,7000.0,165,200.0,4600.0,204,5000.0,,,0,,,0,6960.7099609375,23.0,7850.0,1195,112.0,6350.0,824,3393.10009765625,,,0,,,0,8067.18994140625,13.0,7850.0,307,200.0,3500.0,300
CHA,,,30000.0,,,0,7.0,30000.0,37,50000.0,,,0,,,0,20987.94921875,,,0,,,0,50000.0,,,0,20.0,45000.0,20,20987.94921875,,,0,,,0,12500.0,,,0,,,0
CL,,,2500.0,300.0,2450.0,20315,300.0,2320.0,3637,2482.93994140625,307.0,2890.0,27732,250.0,2510.0,4730,4000.0,126.0,4000.0,186,,,0,2850.0,269.0,2850.0,38281,500.0,2510.0,3139,3600.0,,,0,,,0,2507.260009765625,311.0,2590.0,10760,426.0,2500.0,2842
CLI,51.0,,100.0,62.0,350.0,31506,100.0,110.0,400,199.0,10.0,199.0,15280,5.0,175.0,4343,170.0,,,0,400.0,170.0,2400,252.0,6.0,252.0,18642,60.0,220.0,8524,375.0,123.0,375.0,123,,,0,101.0,746.0,120.0,7879,844.0,101.0,1444
COF,,,840.0,383.0,840.0,73504,1000.0,830.0,6552,740.0,434.0,745.0,43567,133.0,740.0,6325,1500.0,65.0,1500.0,65,500.0,700.0,500,855.0,166.0,855.0,41120,162.0,810.0,9118,875.0,701.0,875.0,701,,,0,848.0,654.0,848.0,57648,70.0,701.0,21111
COM,,,120000.0,3.0,120000.0,149,5.0,100000.0,15,100000.0,1.0,100000.0,149,2.0,90000.0,17,250000.0,,,0,,,0,110000.0,7.0,110000.0,96,5.0,100000.0,31,37311.390625,,,0,,,0,128416.671875,2.0,129000.0,76,,,0
COT,,,3640.0,2.0,3640.0,2447,478.0,3500.0,937,4334.3798828125,110.0,4200.0,507,10.0,3160.0,458,2700.0,7.0,3000.0,179,,,0,3250.0,343.0,3540.0,863,239.0,3250.0,2066,3000.0,8.0,3000.0,28,,,0,3400.0,35.0,3400.0,2065,20.0,3030.0,395
CQL,,,1800000.0,1.0,1940000.0,10,,,0,1690000.0,1.0,1400000.0,3,,,0,1000000.0,,,0,,,0,1590000.0,1.0,1300000.0,11,,,0,634922.0,,,0,,,0,1700000.0,1.0,1300000.0,2,1.0,1.0,1
CQM,,,1260000.0,1.0,1090000.0,8,,,0,1190000.0,1.0,1190000.0,3,,,0,875000.0,,,0,,,0,1140000.0,1.0,1100000.0,3,1.0,650000.0,2,481565.0,,,0,,,0,1290000.0,1.0,999000.0,4,,,0
CQS,,,975000.0,1.0,899000.0,8,,,0,1000000.0,1.0,900000.0,2,2.0,600000.0,2,800000.0,,,0,1.0,600000.0,1,919000.0,1.0,880000.0,7,,,0,378392.0,,,0,,,0,988000.0,1.0,988000.0,8,,,0
CQT,,,500000.0,3.0,549000.0,4,,,0,300000.0,,,0,1.0,150000.0,1,250000.0,,,0,,,0,278000.0,3.0,278000.0,8,4.0,100000.0,4,107709.6171875,,,0,,,0,310000.0,1.0,500000.0,1,,,0
CRU,,,200000.0,,,0,100.0,200000.0,100,200000.0,,,0,100.0,200000.0,100,139245.9375,,,0,,,0,700000.0,8.0,700000.0,8,100.0,200000.0,100,139245.9375,,,0,,,0,139245.9375,,,0,100.0,200000.0,100
CST,,,200.0,30.0,1750.0,76,95.0,200.0,95,2200.0,3.0,2290.0,271,,,0,2912.7099609375,,,0,,,0,2490.0,13.0,2490.0,95,,,0,2912.7099609375,,,0,,,0,1690.0,,,0,1.0,1690.0,1
CTF,,,19000.0,143.0,19000.0,345,12.0,18500.0,83,15000.0,10.0,22000.0,10,3.0,18000.0,8,16000.0,,,0,9.0,16000.0,9,21900.0,150.0,21000.0,622,10.0,18000.0,310,10081.8896484375,,,0,,,0,19800.0,,,0,10.0,18000.0,60
CU,,,2490.0,56.0,2470.0,12655,200.0,2000.0,6244,1278.8900146484375,194.0,2200.0,1192,182.0,1180.0,385,200.0,5.0,2000.0,5,100.0,1400.0,100,1750.0,83.0,1750.0,9659,150.0,1450.0,5269,560.739990234375,,,0,,,0,1980.0,65.0,1980.0,657,36.0,1600.0,36
CUO,63.0,,950.0,215.0,850.0,8927,750.0,525.0,4768,450.0,589.0,800.0,589,2.0,250.0,3769,250.0,,,0,100.0,164.0,600,390.0,1456.0,390.0,20965,320.0,370.0,12496,63.29999923706055,,,0,,,0,428.0,797.0,428.0,1305,500.0,210.0,4828
DA,,,45000.0,14.0,45000.0,204,2.0,37000.0,102,30000.0,,,0,2.0,35000.0,2,45000.0,,,0,,,0,50000.0,10.0,55000.0,67,10.0,43000.0,47,26101.83984375,,,0,,,0,41800.0,10.0,55000.0,10,,,0
DCH,,,24000.0,10.0,24000.0,30,50.0,23000.0,190,19000.0,,,0,10.0,20000.0,10,8990.330078125,,,0,,,0,24000.0,6.0,24000.0,6,20.0,23000.0,160,8990.330078125,,,0,,,0,8990.330078125,,,0,10.0,20000.0,10
DCL,,,6000.0,96.0,5990.0,585,100.0,5500.0,788,8000.0,92.0,8000.0,158,,,0,3482.080078125,,,0,,,0,6000.0,10.0,6500.0,1143,150.0,6000.0,532,3482.080078125,,,0,,,0,6000.0,,,0,,,0
DCM,,,4300.0,60.0,4300.0,424,100.0,4210.0,901,6000.0,4.0,5850.0,10,200.0,3500.0,278,3500.0,,,0,,,0,4900.0,142.0,4900.0,2242,196.0,4300.0,1511,2230.159912109375,,,0,,,0,4000.0,,,0,100.0,3500.0,100
DCS,,,1800.0,98.0,1800.0,321,1000.0,1400.0,1000,1950.0,320.0,1940.0,992,20.0,1200.0,1386,1500.0,,,0,,,0,1900.0,100.0,1900.0,4429,911.0,1700.0,1811,846.72998046875,,,0,,,0,3500.0,40.0,3500.0,40,150.0,1210.0,404
DD,,,36000.0,1.0,40000.0,16,7.0,36000.0,7,44400.0,6.0,44400.0,6,,,0,25000.0,3.0,25000.0,3,,,0,40000.0,1.0,40000.0,5,1.0,36000.0,1,26608.73046875,,,0,,,0,30000.0,,,0,,,0
DDT,,,2580.0,103.0,2580.0,13255,10.0,1560.0,40,2550.0,42.0,2550.0,3995,50.0,1520.0,4413,100.0,210.0,3600.0,351,,,0,2460.97998046875,261.0,2490.0,23496,107.0,2260.0,2107,3500.0,,,0,,,0,2480.0,1770.0,2480.0,15742,20.0,2400.0,1277
DEC,,,32000.0,200.0,31900.0,956,100.0,15000.0,120,21000.0,10.0,19900.0,166,24.0,15000.0,24,9362.0,,,0,,,0,15200.0,3.0,18300.0,303,23.0,15200.0,256,9362.0,,,0,,,0,11300.0,4.0,20000.0,87,8.0,11300.0,40
DIS,,,5700.0,118.0,5500.0,501,,,0,8750.0,1.0,8870.0,60,,,0,5454.77001953125,17.0,9500.0,17,,,0,8877.8603515625,,,0,,,0,5454.77001953125,,,0,,,0,6500.0,26.0,6500.0,26,,,0
DOU,,,250000.0,3.0,449000.0,5,,,0,101902.6328125,,,0,,,0,101902.6328125,,,0,,,0,260000.0,5.0,260000.0,5,,,0,101902.6328125,,,0,,,0,275000.0,,,0,,,0
DRF,,,5200.0,98.0,5200.0,607,2.0,5010.0,937,5500.0,48.0,5500.0,98,7.0,4900.0,22,3014.18994140625,,,0,,,0,6000.0,20.0,5500.0,220,25.0,5010.0,135,3014.18994140625,,,0,,,0,5250.0,2.0,5390.0,90,25.0,4510.0,50
DV,,,20000.0,1.0,20000.0,12,1.0,15000.0,1,20000.0,3.0,22000.0,3,,,0,15000.0,2.0,15000.0,2,,,0,24900.0,1.0,24000.0,13,1.0,20000.0,1,12317.7900390625,,,0,,,0,15000.0,,,0,,,0
DW,19.0,121.0,109.0,21394.0,109.0,350559,8900.0,103.0,60969,97.0,7908.0,97.0,178111,380.0,90.0,150131,90.0,3630.0,90.0,18031,9950.0,70.0,9950,96.9000015258789,4537.0,96.9000015258789,1336612,10.0,95.0,458322,100.0,12363.0,100.0,13332,5516.0,90.0,5516,92.5,719.0,92.5,219247,88642.0,88.0,496398
EBU,,,200000.0,100.0,200000.0,100,,,0,200000.0,50.0,200000.0,50,,,0,90493.8203125,,,0,,,0,184000.0,3.0,184000.0,70,10.0,180000.0,10,90493.8203125,,,0,,,0,90493.8203125,50.0,200000.0,50,,,0
EDC,8000.0,,8000.0,699.0,8010.0,1062,100.0,8000.0,100,8000.0,2.0,9990.0,117,100.0,8000.0,100,11000.0,2.0,11000.0,3,,,0,8000.0,6.0,9890.0,115,100.0,8000.0,100,8211.8603515625,,,0,,,0,8000.0,13.0,11200.0,13,100.0,8000.0,100
EES,,,1.0,80.0,55000.0,720,8.0,40000.0,8,24000.0,12.0,54800.0,83,48.0,24000.0,48,75000.0,2.0,75000.0,7,,,0,44000.0,6.0,44000.0,161,50.0,5000.0,50,48394.19921875,,,0,,,0,68000.0,6.0,69700.0,9,,,0
ENG,,,875000.0,1.0,890000.0,3,1.0,850000.0,1,1100000.0,8.0,1000000.0,13,,,0,365225.5625,,,0,,,0,950000.0,1.0,1000000.0,5,1.0,450000.0,2,365225.5625,,,0,,,0,1100000.0,,,0,1.0,100000.0,1
EPO,,,177.72000122070312,7477.0,176.0,597608,20000.0,150.0,99437,147.74000549316406,7499.0,149.0,208675,9992.0,134.0,43795,175.0,34.0,175.0,34,,,0,148.0,1300.0,148.0,914452,20000.0,142.0,96590,170.0,710.0,170.0,12860,,,0,164.0,4860.0,164.0,92388,40.0,143.0,65589
ES,,,1440.0,830.0,1440.0,9790,200.0,1230.0,750,1370.0,390.0,1400.0,32628,200.0,1230.0,1283,1650.0,,,0,,,0,1410.0,27.0,1410.0,15089,200.0,1310.0,732,1875.3499755859373,,,0,,,0,1730.0,113.0,1600.0,3188,500.0,1200.0,1000
ETC,,,14928.5703125,1.0,24000.0,197,,,0,17000.0,10.0,16900.0,43,,,0,10000.0,,,0,,,0,11000.0,8.0,18000.0,78,5.0,11000.0,5,10235.5302734375,,,0,,,0,17000.0,,,0,8.0,8900.0,8
EXO,,,374.0,250.0,374.0,9755,100.0,330.0,15173,334.0,450.0,334.0,12443,10.0,240.0,7962,295.0,250.0,350.0,250,,,0,330.0,488.0,329.0,20651,45.0,315.0,13971,275.0,2395.0,275.0,2395,,,0,345.0,120.0,330.0,15434,300.0,282.0,10405
F,,,4400.0,558.0,3900.0,558,100.0,353.0,300,1900.0,100.0,4400.0,600,11.0,1900.0,76,1000.0,,,0,,,0,2495.8798828125,150.0,5000.0,150,40.0,2300.0,890,222.22000122070312,,,0,,,0,2300.0,371.0,2300.0,1963,50.0,2010.0,652
FAL,,,2500.0,132.0,2500.0,3207,100.0,1800.0,360,2500.0,20.0,2400.0,604,20.0,500.0,20,1025.3900146484375,,,0,,,0,2200.0,71.0,2200.0,2709,20.0,1500.0,970,1025.3900146484375,,,0,,,0,2800.0,50.0,2690.0,408,1000.0,1250.0,1082
FAN,,,1900.0,34.0,1900.0,1777,281.0,1750.0,591,2000.0,51.0,2000.0,1402,,,0,971.9500122070312,,,0,,,0,1993.5,779.0,2000.0,1898,168.0,1860.0,218,1000.0,,,0,,,0,1940.0,,,0,,,0
FC,,,5200.0,20.0,6800.0,100,200.0,5400.0,783,4500.0,25.0,4500.0,25,100.0,3820.0,166,2253.139892578125,,,0,,,0,5000.0,15.0,5980.0,548,95.0,5000.0,953,2253.139892578125,,,0,,,0,5010.0,3.0,5100.0,3,270.0,4000.0,270
FE,,,550.0,139.0,990.0,9727,190.0,550.0,426,700.0,500.0,849.0,6920,3.0,717.0,2859,700.0,,,0,20.0,500.0,20,730.0,63.0,729.0,24373,10.0,686.0,3162,650.0,39.0,500.0,418,,,0,990.0,18.0,950.0,2131,500.0,695.0,1621
FEO,,,110.0,338.0,130.0,30591,40.0,97.0,17916,80.0,80.0,119.0,3459,215.0,80.0,11172,99.0,,,0,60.0,60.0,1013,77.0,77.0,88.0,30584,10000.0,69.0,47511,65.0,132.0,75.0,132,70.0,55.0,70,62.0,587.0,65.0,17268,456.0,62.0,4818
FET,,,3000.0,447.0,3100.0,4958,988.0,2610.0,3378,3000.0,253.0,3970.0,511,100.0,2500.0,315,1610.8499755859375,,,0,,,0,4202.419921875,8.0,4400.0,670,20.0,2860.0,840,1610.8499755859375,,,0,,,0,3500.0,151.0,3400.0,383,500.0,2000.0,510
FF,9.0,24.0,18.799999237060547,24896.0,18.899999618530277,1066375,379.0,18.799999237060547,422702,16.360000610351562,90850.0,16.399999618530273,1692364,10000.0,16.100000381469727,489557,15.899999618530272,3536.0,16.5,130169,4931.0,14.5,28931,17.100000381469727,15318.0,17.100000381469727,3746499,9156.0,15.699999809265137,466830,17.5,911.0,17.5,19412,1974.0,17.0,19824,16.299999237060547,121704.0,16.299999237060547,2482704,5000.0,16.200000762939453,419360
FFC,,,360000.0,2.0,350000.0,11,1.0,290000.0,101,300000.0,1.0,397000.0,2,100.0,240000.0,100,143944.21875,,,0,,,0,340000.0,3.0,335000.0,13,1.0,290000.0,101,143944.21875,,,0,,,0,370000.0,1.0,379000.0,6,2.0,260000.0,102
FIM,,,1937.1500244140625,48.0,1940.0,22489,1003.0,1820.0,6248,1980.0,352.0,1980.0,13292,74.0,1830.0,6356,4000.0,26.0,4000.0,26,,,0,2170.0,2553.0,2170.0,45735,42.0,1910.0,6637,1300.0,,,0,,,0,1845.52001953125,612.0,1900.0,15966,1390.0,1730.0,7440
FIR,,,1200000.0,1.0,1100000.0,2,,,0,560757.5,1.0,1400000.0,1,,,0,560757.5,,,0,,,0,1300000.0,1.0,1300000.0,1,,,0,560757.5,,,0,,,0,560757.5,2.0,1400000.0,2,,,0
FLO,,,14000.0,,,0,86.0,14000.0,86,12000.0,2.0,15000.0,2,,,0,10142.9501953125,,,0,,,0,16000.0,8.0,20000.0,36,,,0,10142.9501953125,,,0,,,0,10142.9501953125,,,0,,,0
FLP,,,664.0,118.0,665.0,415,200.0,630.0,3490,570.0,29.0,570.0,911,9.0,460.0,577,200.0,100.0,600.0,100,500.0,300.0,600,697.0,443.0,698.0,3443,1000.0,602.0,4214,1.0,,,0,,,0,824.0,173.0,824.0,3254,31.0,603.0,304
FLX,,,260.0,2042.0,260.0,26419,500.0,230.0,8430,226.0,467.0,249.0,19260,334.0,226.0,29754,200.0,,,0,,,0,390.0,537.0,390.0,18437,118.0,301.0,21934,80.0,53.0,100.0,154,2000.0,90.0,2094,355.0,18.0,355.0,28199,50.0,250.0,31750
FOD,,,436.2799987792969,2549.0,450.0,11377,900.0,400.0,11620,399.0,167.0,399.0,6077,74.0,350.0,758,290.0,,,0,,,0,320.0,653.0,480.0,1886,101.0,321.0,8565,170.30999755859375,,,0,500.0,400.0,500,300.0,224.0,375.0,504,125.0,300.0,4855
FSE,,,1580000.0,1.0,1500000.0,4,1.0,700000.0,11,1980000.0,1.0,1990000.0,2,2.0,600000.0,4,424890.125,,,0,,,0,1490000.0,1.0,980000.0,3,2.0,651000.0,4,424890.125,,,0,,,0,1000000.0,1.0,999000.0,6,2.0,650000.0,2
FUN,,,59529.46875,,,0,,,0,150000.0,,,0,,,0,59529.46875,,,0,,,0,150000.0,2.0,160000.0,16,,,0,59529.46875,,,0,,,0,59529.46875,2.0,150000.0,2,,,0
GAL,57.0,,180.0,182.0,200.0,7738,500.0,155.0,5234,141.0,199.0,174.0,22777,4959.0,141.0,28873,160.0,1000.0,160.0,6916,,,0,189.0,604.0,279.0,8931,1093.0,189.0,7140,140.0,10.0,200.0,10,,,0,200.0,199.0,310.0,65257,272.0,200.0,26781
GC,,,435.0,1229.0,435.0,6100,1000.0,301.0,2250,340.9200134277344,10.0,397.0,4436,954.0,283.0,3734,153.66000366210938,,,0,,,0,302.0,26.0,373.0,15591,530.0,302.0,3819,153.66000366210938,,,0,,,0,380.0,1821.0,380.0,1821,2000.0,306.0,6000
GCH,,,2100.0,3.0,14500.0,3,,,0,20000.0,,,0,,,0,20158.630859375,,,0,,,0,25000.0,7.0,9000.0,12,,,0,20158.630859375,,,0,,,0,7500.0,5.0,8000.0,12,,,0
GEN,,,200000.0,5.0,200000.0,24,1.0,163000.0,1,80000.0,1.0,250000.0,5,,,0,250399.71875,,,0,,,0,240000.0,1.0,245000.0,8,1.0,165000.0,3,250399.71875,,,0,,,0,215000.0,2.0,190000.0,19,1.0,170000.0,2
GIN,,,1730.0,865.0,1730.0,26105,120.0,1630.0,5229,1600.0,2076.0,1770.0,7256,180.0,1600.0,1186,1990.0,7.0,1990.0,7,,,0,1620.0,844.0,1880.0,5390,20.0,1620.0,4242,2400.0,10.0,2300.0,110,500.0,1300.0,500,1690.0,242.0,1690.0,4468,300.0,1510.0,2882
GL,,,313.0,5188.0,313.0,31223,398.0,211.0,14730,300.0,1185.0,353.0,11580,10.0,300.0,4525,300.0,200.0,400.0,400,,,0,318.0,2000.0,316.0,71128,2367.0,278.0,27027,340.0,,,0,,,0,380.0,3852.0,380.0,14037,60.0,310.0,11687
GNZ,,,8000.0,,,0,,,0,45000.0,6.0,45000.0,6,,,0,43005.87890625,,,0,,,0,1500.0,,,0,,,0,43005.87890625,,,0,,,0,43005.87890625,,,0,,,0
GRA,,,3300.0,992.0,3300.0,5292,26.0,2510.0,843,3100.0,58.0,3100.0,492,300.0,2550.0,1186,4200.0,,,0,,,0,3100.0,272.0,3100.0,9564,200.0,2610.0,2679,1267.97998046875,,,0,,,0,3500.0,341.0,3500.0,527,13.0,2560.0,1253
GRN,86.0,,350.0,3473.0,360.0,56062,7596.0,350.0,27554,360.0,4929.0,370.0,14358,3305.0,360.0,22724,185.0,100.0,400.0,100,,,0,407.0,635.0,407.0,26070,518.0,400.0,16777,375.0,2000.0,395.0,2100,974.0,325.0,974,320.0,373.0,336.0,42957,1000.0,321.0,34631
GV,,,2000.0,100.0,2100.0,2122,432.0,2000.0,932,2400.0,80.0,2390.0,563,,,0,1032.550048828125,,,0,,,0,2080.0,3.0,2280.0,1772,111.0,2080.0,1211,1032.550048828125,,,0,,,0,2880.0,3.0,2870.0,40,259.0,2000.0,259
H,50.0,,137.0,1734.0,137.0,272872,1000.0,119.0,87748,115.0,11108.0,115.0,213928,20.0,103.0,120967,100.0,659.0,100.0,3605,5000.0,80.0,5000,117.0,5464.0,117.0,256761,1203.0,109.0,74912,85.0,640.0,100.0,7291,3430.0,85.0,3430,88.0,4647.0,88.0,140376,5000.0,83.0,72179
H2O,10.0,,39.900001525878906,142713.0,40.0,2770562,311777.0,39.900001525878906,1569926,39.70000076293945,2073.0,39.70000076293945,1669160,1878.0,36.09999847412109,134089,34.0,10000.0,32.0,50149,1000.0,10.0,1000,40.0,681108.0,40.0,1705282,990.0,37.09999847412109,104875,43.0,355.0,42.0,948,9600.0,40.0,19600,37.70000076293945,27002.0,37.70000076293945,1879410,993.0,31.0,592643
HAB,,,135000.0,5.0,135000.0,24,,,0,180000.0,1.0,125000.0,8,,,0,53396.4609375,,,0,,,0,120000.0,5.0,110000.0,43,,,0,53396.4609375,,,0,,,0,110000.0,12.0,110000.0,30,,,0
HAL,,,247.0,840.0,247.0,99506,750.0,182.0,11042,207.9900054931641,831.0,221.0,85279,120.0,190.0,10296,250.0,641.0,225.0,1423,500.0,151.0,500,213.0,13238.0,213.0,130256,118.0,210.0,19718,300.0,,,0,,,0,214.0,177.0,214.0,34209,177.0,188.0,6923
HCB,,,2500000.0,2.0,3900000.0,6,,,0,3500000.0,1.0,3740000.0,4,,,0,1697969.375,,,0,,,0,3000000.0,1.0,3600000.0,5,,,0,1697969.375,,,0,,,0,2500000.0,1.0,3940000.0,2,,,0
HCC,,,862.5800170898438,100.0,845.0,3079,250.0,670.0,13640,798.0,51.0,798.0,1551,415.0,675.0,6560,640.0,,,0,,,0,834.8499755859375,33.0,850.0,2251,500.0,712.0,3798,620.0,,,0,,,0,829.0,50.0,829.0,1615,1350.0,700.0,5350
HCP,88.0,,440.0,4632.0,440.0,29313,577.0,430.0,11177,400.0,215.0,418.0,18151,8059.0,400.0,12117,350.0,,,0,,,0,455.0,1102.0,460.0,7096,86.0,455.0,22431,250.0,,,0,1000.0,300.0,1000,404.3999938964844,2000.0,420.0,14067,4257.0,401.0,21777
HD,,,2750.0,440.0,2750.0,3511,90.0,2000.0,90,2500.0,106.0,2500.0,1452,10.0,2000.0,10,1598.2900390625,50.0,4000.0,50,,,0,2800.0,2977.0,2800.0,5987,200.0,2100.0,200,1598.2900390625,,,0,,,0,2800.0,938.0,2800.0,2439,100.0,2500.0,100
HE,75.0,,115.0,3774.0,115.0,60055,300.0,110.0,7400,123.0,2639.0,123.0,57999,8113.0,92.5,10878,200.0,278.0,350.0,278,100.0,125.0,100,103.0,74427.0,103.0,260319,50.0,100.0,108913,250.0,100.0,180.0,1278,1000.0,135.0,1000,124.69000244140624,564.0,125.0,92220,100.0,120.0,950
HE3,,,596.25,1188.0,597.0,2188,250.0,500.0,17464,548.0,4.0,550.0,104,49.0,548.0,7418,400.0,,,0,,,0,500.0,3983.0,520.0,10393,400.0,475.0,19450,460.0,,,0,1000.0,220.0,1000,705.5,5880.0,850.0,5880,12.0,600.0,8076
HER,,,2200.0,399.0,2200.0,7288,180.0,2000.0,1773,2200.0,572.0,2200.0,13886,220.0,2000.0,1504,2000.0,,,0,,,0,2100.0,88.0,2100.0,31392,1000.0,2000.0,4738,3250.0,350.0,2400.0,350,200.0,1750.0,200,2000.0,936.0,2000.0,13783,492.0,1900.0,10367
HEX,,,2000.0,13444.0,2000.0,20668,10.0,1000.0,10,2000.0,7156.0,2000.0,7199,10.0,1000.0,10,41.13999938964844,,,0,,,0,2000.0,3487.0,2000.0,3487,10.0,1000.0,10,41.13999938964844,,,0,,,0,41.13999938964844,1771.0,2000.0,1771,10.0,1000.0,40
HHP,,,6000.0,,,0,,,0,3000.0,,,0,,,0,3363.27001953125,,,0,,,0,5000.0,3.0,250.0,41,,,0,3363.27001953125,,,0,,,0,3363.27001953125,,,0,,,0
HMS,,,2400.0,381.0,2400.0,1393,100.0,1970.0,2113,2400.0,38.0,2400.0,3655,885.0,1800.0,2531,1900.0,2.0,1900.0,1435,,,0,2340.0,971.0,2340.0,4428,207.0,2140.0,4852,1800.0,2.0,2000.0,2,,,0,2380.0,1986.0,2380.0,7606,80.0,1980.0,2580
HNZ,,,75000.0,,,0,,,0,99120.1015625,,,0,,,0,99120.1015625,,,0,,,0,99120.1015625,,,0,,,0,99120.1015625,,,0,,,0,99120.1015625,,,0,,,0
HOG,,,7420.0,,,0,30.0,6010.0,120,10000.0,100.0,8000.0,114,5.0,4500.0,5,3903.239990234375,,,0,,,0,6500.0,,,0,,,0,3903.239990234375,,,0,,,0,6000.0,,,0,,,0
HOP,,,2690.0,583.0,2700.0,1592,300.0,2300.0,1980,2670.0,4.0,2670.0,1093,95.0,2310.0,2501,2200.0,80.0,2400.0,80,,,0,2900.0,8.0,2900.0,3476,6.0,2700.0,4272,819.739990234375,,,0,,,0,2620.0,719.0,2620.0,3777,200.0,2500.0,1400
HPC,,,24000.0,10.0,24000.0,41,10.0,23000.0,10,28000.0,20.0,28000.0,84,,,0,13081.349609375,,,0,,,0,24900.0,167.0,24900.0,188,74.0,24000.0,74,13081.349609375,,,0,,,0,24900.0,,,0,,,0
HPR,,,800000.0,2.0,800000.0,6,,,0,800000.0,3.0,800000.0,6,,,0,1750000.0,,,0,,,0,800000.0,1.0,750000.0,10,,,0,728695.4375,,,0,,,0,800000.0,2.0,800000.0,6,,,0
HSE,,,13100.0,370.0,13100.0,629,10.0,12000.0,190,11400.0,173.0,13000.0,194,12.0,11300.0,12,10000.0,400.0,12000.0,400,,,0,12000.0,855.0,12000.0,6275,2.0,11500.0,589,11000.0,,,0,30.0,5000.0,30,11800.0,60.0,11800.0,1391,200.0,11000.0,450
HSS,,,2203.25,348.0,2210.0,4495,983.0,1830.0,1111,2120.0,90.0,2090.0,3350,130.0,1950.0,366,2000.0,100.0,2100.0,1100,,,0,2340.0,682.0,2390.0,5434,200.0,2120.0,1628,2000.0,20.0,4000.0,20,,,0,2660.0,47.0,2660.0,3133,60.0,1750.0,414
HTE,,,3500000.0,1.0,3750000.0,2,,,0,3250000.0,1.0,3690000.0,3,,,0,1697055.625,,,0,,,0,3700000.0,1.0,4000000.0,1,,,0,1697055.625,,,0,,,0,4000000.0,,,0,,,0
HYR,,,1750000.0,1.0,1700000.0,6,,,0,1750000.0,1.0,1750000.0,4,,,0,1389100.25,,,0,,,0,1750000.0,3.0,1750000.0,8,,,0,1389100.25,,,0,,,0,1750000.0,2.0,1750000.0,7,1.0,1.0,1
I,,,1750.0,240.0,1750.0,2849,,,0,1800.0,10.0,1500.0,325,5.0,600.0,3941,1500.0,,,0,,,0,1800.0,314.0,1800.0,3103,998.0,1010.0,3686,300.0,,,0,,,0,1447.6500244140625,40.0,750.0,259,90.0,400.0,794
IDC,11000.0,,11000.0,1300.0,11100.0,1300,100.0,11000.0,100,11000.0,499.0,11100.0,532,100.0,11000.0,100,10313.0595703125,,,0,,,0,11000.0,31.0,14000.0,334,200.0,11100.0,300,10313.0595703125,10.0,15400.0,10,,,0,11000.0,29.0,13000.0,29,100.0,11000.0,100
IMM,,,110000.0,1.0,110000.0,11,10.0,100000.0,10,68600.0,,,0,,,0,68180.15625,,,0,,,0,100000.0,1.0,140000.0,1,1.0,120000.0,10,68180.15625,,,0,,,0,68180.15625,,,0,,,0
IND,,,4097.35986328125,255.0,3900.0,572,100.0,3000.0,200,4600.0,205.0,4600.0,414,148.0,3210.0,163,1977.280029296875,,,0,,,0,3300.0,17.0,4090.0,912,85.0,3300.0,720,1977.280029296875,,,0,,,0,3300.0,4.0,4200.0,687,45.0,3300.0,546
INS,,,143.0,58530.0,150.0,321195,48631.0,143.0,114497,161.0,178.0,162.0,92119,70.0,161.0,44170,150.0,4000.0,160.0,21000,,,0,151.97999572753906,4930.0,164.0,130751,9518.0,151.0,33884,250.0,179.0,250.0,179,,,0,161.0,1234.0,163.0,96334,1100.0,160.0,50217
JUI,,,1.0,1.0,98000.0,2,,,0,1.0,29.0,100000.0,309,,,0,1098.260009765625,280.0,100000.0,280,,,0,1.0,1.0,99000.0,1,,,0,1098.260009765625,,,0,,,0,30000.0,119.0,30000.0,122,,,0
KOM,,,847.0,490.0,847.0,18027,100.0,790.0,8063,789.0,1817.0,789.0,32883,100.0,775.0,3315,999.0,298.0,999.0,14285,500.0,750.0,500,699.0,4592.0,699.0,68080,1959.0,661.0,16498,1000.0,4994.0,1000.0,9994,,,0,670.0,104.0,669.0,43203,405.0,648.0,16431
KV,,,25500.0,15.0,24900.0,1185,50.0,23000.0,272,18000.0,131.0,25000.0,543,,,0,2000.0,,,0,,,0,21100.0,139.0,25000.0,1099,101.0,21100.0,421,13533.4599609375,,,0,,,0,21500.0,20.0,39000.0,170,50.0,19500.0,50
LBH,,,6970.0,27.0,6970.0,4023,1.0,5100.0,1449,7150.0,100.0,7130.0,792,4.0,5400.0,627,4500.0,,,0,,,0,5120.0,10.0,6130.0,1062,42.0,5100.0,968,3400.0,,,0,,,0,5100.0,79.0,6450.0,89,90.0,5100.0,1037
LC,,,4900.0,140.0,4980.0,1810,200.0,4550.0,200,4970.0,51.0,4980.0,2154,,,0,3176.93994140625,24.0,9000.0,64,,,0,4970.0,243.0,4970.0,5548,30.0,4500.0,553,3176.93994140625,10.0,10000.0,10,,,0,5340.0,32.0,5340.0,3552,12.0,4600.0,22
LCB,,,500000.0,1.0,600000.0,4,1.0,450000.0,6,800000.0,1.0,849000.0,3,,,0,330133.84375,,,0,,,0,679000.0,2.0,680000.0,8,1.0,250000.0,1,330133.84375,,,0,,,0,841000.0,1.0,842000.0,1,,,0
LCR,,,1800.0,200.0,6000.0,200,26.0,1800.0,142,4800.0,18.0,4800.0,18,10.0,1800.0,10,2948.300048828125,,,0,,,0,4420.0,55.0,4420.0,75,100.0,1810.0,120,2948.300048828125,,,0,,,0,3000.0,2.0,3500.0,2,10.0,1800.0,10
LD,,,10000.0,498.0,11800.0,731,46.0,10800.0,599,11900.0,149.0,10000.0,470,9.0,4000.0,12,5092.5,,,0,,,0,10000.0,10.0,11000.0,212,91.0,10000.0,200,5092.5,,,0,,,0,7500.0,1.0,12000.0,30,,,0
LDE,,,11600.0,116.0,11500.0,2528,47.0,10000.0,1079,11900.0,10.0,11700.0,438,2.0,8070.0,715,9000.0,46.0,10000.0,46,,,0,9600.0,8.0,10500.0,2137,53.0,9600.0,2293,6500.0,,,0,10.0,6500.0,10,13800.0,81.0,13800.0,527,60.0,10500.0,1104
LDI,,,680.0,162.0,675.0,1377,,,0,600.0,54.0,759.0,4297,,,0,282.5799865722656,,,0,,,0,750.0,20.0,750.0,4215,152.0,640.0,652,375.0,,,0,,,0,750.0,1176.0,678.0,1476,,,0
LES,,,1890.0,134.0,1860.0,2696,100.0,900.0,2300,1120.0,200.0,1130.0,701,10.0,901.0,700,228.57000732421875,50.0,1500.0,150,,,0,1190.0,85.0,1190.0,7655,500.0,910.0,1579,228.57000732421875,,,0,,,0,1500.0,23.0,1460.0,646,,,0
LFE,,,152000.0,3.0,151000.0,35,,,0,164000.0,6.0,164000.0,32,,,0,75255.75,,,0,,,0,157000.0,6.0,155000.0,61,1.0,100000.0,1,75255.75,,,0,,,0,164000.0,3.0,164000.0,44,2.0,2.0,2
LFL,,,478000.0,1.0,450000.0,4,1.0,250000.0,1,480000.0,1.0,450000.0,1,2.0,240000.0,2,122472.078125,,,0,,,0,449000.0,1.0,449000.0,5,3.0,420000.0,3,122472.078125,,,0,,,0,445000.0,1.0,450000.0,1,1.0,250000.0,1
LFP,,,3500.0,2.0,15000.0,2,14.0,3500.0,34,9000.0,22.0,9000.0,81,1.0,6000.0,19,7366.35009765625,,,0,,,0,9000.0,,,0,,,0,7366.35009765625,,,0,,,0,7000.0,,,0,,,0
LHP,,,5260.0,20.0,5260.0,3340,343.0,3500.0,4962,4750.0,200.0,5970.0,1400,100.0,3000.0,273,3750.0,603.0,3750.0,703,,,0,3500.0,69.0,3800.0,4184,60.0,3510.0,1760,2500.0,,,0,,,0,4200.0,661.0,4090.0,1269,45.0,4000.0,2581
LI,,,1900.0,840.0,2090.0,9981,500.0,1910.0,1564,2367.340087890625,504.0,2590.0,804,2000.0,2200.0,8084,1200.0,,,0,,,0,2200.0,500.0,2190.0,4335,500.0,1840.0,2363,472.2900085449219,,,0,,,0,1800.0,500.0,1700.0,3382,2000.0,1620.0,7249
LIO,,,546.97998046875,100.0,500.0,17755,400.0,370.0,9304,600.0,452.0,600.0,744,2.0,417.0,2595,200.0,,,0,,,0,645.0,560.0,450.0,5862,500.0,375.0,17005,68.56999969482422,,,0,,,0,400.0,1000.0,420.0,6000,42.0,350.0,1477
LIS,450000.0,,500000.0,10.0,500000.0,16,100.0,450000.0,100,450000.0,5.0,499000.0,6,100.0,450000.0,102,255694.21875,,,0,,,0,450000.0,5.0,485000.0,9,5.0,451000.0,107,255694.21875,,,0,,,0,452000.0,20.0,490000.0,23,1.0,451000.0,105
LIT,,,16000.0,2.0,18000.0,292,,,0,19900.0,62.0,19900.0,514,,,0,13529.1103515625,,,0,,,0,18100.0,17.0,18900.0,241,,,0,13529.1103515625,,,0,,,0,14500.0,100.0,19600.0,1834,,,0
LOG,68000.0,,68000.0,19.0,68100.0,288,100.0,68000.0,120,68032.140625,7.0,69000.0,94,100.0,68000.0,107,65000.0,,,0,,,0,68100.0,17.0,69700.0,113,989.0,68100.0,1089,28013.400390625,,,0,,,0,70000.0,16.0,70000.0,24,100.0,68000.0,122
LSE,,,9510.0,9.0,9510.0,1329,48.0,9500.0,1015,11200.0,9.0,11100.0,858,6.0,8000.0,840,9000.0,25.0,10000.0,25,,,0,9357.8203125,10.0,10300.0,2967,22.0,9360.0,1648,5000.0,3.0,5000.0,3,,,0,11900.0,85.0,11900.0,323,100.0,9310.0,486
LSL,,,415000.0,,,0,,,0,300000.0,,,0,,,0,204785.046875,,,0,,,0,450000.0,2.0,450000.0,3,,,0,204785.046875,,,0,,,0,350000.0,1.0,500000.0,1,,,0
LST,34.0,,121.0,905.0,199.0,14950,335.0,122.0,42784,99.0,67.0,110.0,15700,1214.0,99.0,77059,120.0,161.0,120.0,344,,,0,126.0,1014.0,157.0,76389,1116.0,126.0,33782,100.0,488.0,110.0,729,4991.0,100.0,4991,177.69000244140625,875.0,179.0,29368,967.0,110.0,26584
LTA,,,4380.0,22.0,4380.0,1124,99.0,3200.0,664,4570.0,29.0,4570.0,1668,100.0,3130.0,698,3500.0,200.0,4200.0,200,,,0,3770.0,143.0,3760.0,2578,64.0,3500.0,457,3400.0,1.0,3400.0,1,,,0,3790.0,84.0,3790.0,2110,80.0,3000.0,400
LU,,,100000.0,11.0,140000.0,11,,,0,80000.0,,,0,,,0,62066.01953125,,,0,,,0,120000.0,7.0,120000.0,7,13.0,90100.0,52,62066.01953125,,,0,,,0,140000.0,,,0,,,0
MAG,,,800.0,291.0,800.0,3866,903.0,305.0,1153,270.0,51.0,270.0,882,92.0,88.0,192,117.5500030517578,14.0,300.0,14,,,0,350.0,694.0,350.0,1082,1000.0,88.0,1100,117.5500030517578,,,0,,,0,400.0,30.0,400.0,30,660.0,350.0,760
MAI,86.0,,420.0,182.0,420.0,19743,500.0,401.0,9000,375.0,98.0,389.0,3343,725.0,375.0,17019,400.0,,,0,,,0,420.0,34.0,428.0,24518,4739.0,420.0,14089,375.0,,,0,999.0,300.0,999,350.0,333.0,374.0,17439,3589.0,350.0,17318
MB,,,7700.0,36.0,7700.0,333,68.0,6100.0,373,9000.0,40.0,9000.0,40,200.0,6500.0,280,8000.0,,,0,,,0,8600.0,50.0,8300.0,1199,60.0,7250.0,504,3403.679931640625,,,0,,,0,7290.0,27.0,8000.0,33,,,0
MCB,,,350000.0,1.0,375000.0,1,,,0,375000.0,,,0,,,0,166644.328125,,,0,1.0,175000.0,1,370000.0,1.0,370000.0,2,,,0,166644.328125,,,0,,,0,400000.0,,,0,1.0,350000.0,1
MCG,12.0,36.0,35.900001525878906,9639.0,35.900001525878906,159932,9689.0,31.0,43847,29.899999618530277,42386.0,29.899999618530277,178241,200.0,24.5,109396,29.0,13.0,29.0,4165,1000.0,20.0,1000,34.5,734.0,34.900001525878906,159048,194.0,34.5,189994,35.900001525878906,1406.0,35.900001525878906,1406,5000.0,25.0,5000,35.900001525878906,15656.0,35.900001525878906,16005,811.0,35.29999923706055,13174
MEA,,,3650.0,28.0,3650.0,17635,1953.0,3050.0,3176,3250.0,910.0,3300.0,9081,300.0,3070.0,3297,5000.0,50.0,4000.0,70,,,0,3290.0,535.0,3290.0,31054,936.0,3150.0,4160,5000.0,,,0,,,0,3200.0,450.0,3200.0,7227,946.0,3100.0,4050
MED,,,1480.0,12.0,1480.0,7206,398.0,1300.0,2998,1390.0,473.0,1380.0,8839,54.0,1250.0,3642,2000.0,,,0,,,0,1390.0,256.0,1390.0,6532,55.0,1310.0,5197,1870.0,228.0,1870.0,228,,,0,1530.0,99.0,1530.0,7992,257.0,1270.0,4497
MFE,,,91935.1015625,1.0,91000.0,61,2.0,90000.0,6,92000.0,33.0,92000.0,53,4.0,60000.0,4,43953.23046875,,,0,,,0,95600.0,4.0,91900.0,115,4.0,60000.0,4,43953.23046875,,,0,,,0,91900.0,3.0,91900.0,86,2.0,2.0,2
MFK,,,249.0,1616.0,249.0,16640,166.0,210.0,11328,240.0,788.0,240.0,8285,20.0,205.0,1996,220.0,,,0,1.0,22.0,1,232.0,45.0,232.0,130176,176.0,201.0,16194,25.0,,,0,,,0,249.0,6.0,249.0,7892,4998.0,200.0,5702
MFL,,,250000.0,1.0,209000.0,10,,,0,199000.0,1.0,199000.0,4,,,0,61608.8515625,,,0,,,0,208000.0,1.0,208000.0,12,,,0,61608.8515625,,,0,,,0,24100.0,1.0,209000.0,4,,,0
MG,,,120.0,450.0,120.0,51562,4920.0,70.0999984741211,14920,186.4199981689453,120.0,242.0,3950,687.0,81.0,55773,60.0,,,0,,,0,130.0,71.0,130.0,61426,2097.0,118.0,76095,85.0,1000.0,80.0,1000,,,0,120.87000274658205,4552.0,129.0,10698,2000.0,120.0,9493
MGC,,,35000.0,40.0,17000.0,70,,,0,12500.0,8.0,15000.0,13,,,0,8497.3798828125,,,0,,,0,15000.0,1.0,15000.0,82,,,0,8497.3798828125,,,0,,,0,14000.0,14.0,14000.0,156,,,0
MGS,,,350.0,28.0,349.0,28462,328.0,240.0,8610,166.0,2125.0,280.0,2723,6.0,200.0,2484,130.0,11.0,80.0,22155,,,0,350.0,294.0,350.0,294,2651.0,203.0,15332,42.0,150.0,100.0,150,,,0,369.0,222.0,369.0,244,100.0,276.0,1520
MHL,,,4860.0,84.0,4860.0,1615,252.0,1500.0,252,4800.0,3.0,4000.0,446,500.0,3200.0,590,2700.0,,,0,,,0,4790.0,16.0,4740.0,2238,60.0,4520.0,1456,3000.0,,,0,,,0,5280.0,36.0,5280.0,1607,16.0,4250.0,597
MHP,,,3650.0,10.0,4390.0,1319,62.0,3650.0,90,4300.0,46.0,4000.0,131,,,0,2091.989990234375,100.0,4200.0,1416,,,0,5000.0,70.0,5000.0,170,,,0,2091.989990234375,10.0,7000.0,10,,,0,5000.0,,,0,80.0,3000.0,80
MLI,,,21000.0,20.0,22000.0,20,23.0,21600.0,559,17000.0,3.0,20000.0,3,4.0,17000.0,4,10185.0,,,0,,,0,22000.0,,,0,100.0,21000.0,510,10185.0,,,0,,,0,18000.0,2.0,22000.0,2,,,0
MPC,,,2300.0,20.0,2400.0,1640,100.0,2310.0,1423,3000.0,87.0,3000.0,87,100.0,2000.0,750,655.6900024414062,,,0,,,0,2850.0,44.0,3000.0,820,200.0,2410.0,1620,400.0,,,0,,,0,2730.0,1019.0,2730.0,1019,,,0
MSL,,,189000.0,1.0,175000.0,17,1.0,150000.0,3,180000.0,1.0,220000.0,1,1.0,100000.0,1,82878.2578125,,,0,1.0,90000.0,1,198000.0,1.0,198000.0,20,1.0,160000.0,3,82878.2578125,,,0,,,0,110000.0,1.0,220000.0,1,1.0,100000.0,1
MTC,,,100.0,100.0,700.0,102,,,0,2000.0,,,0,,,0,446.2900085449219,,,0,,,0,150.0,100.0,3000.0,278,30.0,0.5,30,446.2900085449219,,,0,,,0,400.0,,,0,,,0
MTP,,,1814.510009765625,179.0,1900.0,7527,794.0,1800.0,794,1990.0,168.0,1990.0,6456,248.0,1800.0,248,3000.0,,,0,,,0,1900.0,1000.0,2100.0,8960,1000.0,1880.0,1000,1019.3400268554688,,,0,,,0,2000.0,814.0,2000.0,8525,895.0,1800.0,895
MUS,,,350.0,12.0,350.0,5626,8727.0,320.0,9504,310.0,38.0,333.0,8165,3928.0,310.0,23316,170.35000610351562,,,0,,,0,397.0,149.0,397.0,16863,4611.0,390.0,16479,170.35000610351562,,,0,,,0,340.0,1758.0,360.0,3358,190.0,340.0,41361
MWF,,,550.0,666.0,550.0,3886,,,0,700.0,71.0,700.0,648,376.0,100.0,376,300.0,,,0,,,0,300.0,817.0,410.0,4817,1200.0,225.0,4400,186.97999572753903,100.0,305.0,100,,,0,350.0,2.0,500.0,3935,100.0,30.0,100
N,,,125.0,1000.0,126.0,72217,44176.0,125.0,555688,125.0,99.0,125.0,63318,8400.0,108.0,39827,130.0,,,0,1000.0,100.0,1500,92.5,7683.0,92.5,204782,30000.0,90.0,64901,120.0,,,0,1000.0,90.0,1000,107.63999938964844,8441.0,125.0,60338,542.0,101.0,19130
,25.0,,25.0,2003.0,25.100000381469727,313876,100.0,25.0,100,25.0,2854.0,25.100000381469727,24853,100.0,25.0,100,25.100000381469727,500.0,25.100000381469727,1000,412.0,1.100000023841858,5546,25.100000381469727,24780.0,25.100000381469727,89055,100.0,25.0,100,18.0,527.0,18.0,2399,5000.0,1.0,5000,25.0,58474.0,25.100000381469727,93347,100.0,25.0,100
NAB,,,150.0,,,0,,,0,112.37999725341795,666.0,113.0,10149,198.0,100.0,10148,150.0,62.0,150.0,62,,,0,120.0,5404.0,120.0,15504,5000.0,91.0,12981,70.0,980.0,140.0,980,180.0,70.0,180,115.0,10828.0,115.0,10828,,,0
NCS,,,39.84000015258789,41154.0,39.900001525878906,419221,1000.0,26.0,30300,36.0,5000.0,41.0,111104,5635.0,36.0,41433,40.0,1000.0,90.0,2000,,,0,40.0,42398.0,40.0,1140030,15000.0,34.0,135000,16.780000686645508,3500.0,50.0,3500,,,0,41.900001525878906,24900.0,41.900001525878906,198358,200.0,28.0,20200
NE,150.0,,298.0,859.0,298.0,100622,8.0,223.0,8708,291.0,91.0,291.0,6846,100.0,166.0,1000,300.0,,,0,,,0,287.9800109863281,2538.0,290.0,12254,2000.0,231.0,6954,300.0,148.0,300.0,148,,,0,200.0,3737.0,200.0,123870,5000.0,175.0,8568
NF,,,9900.0,,,0,46.0,10800.0,51,7400.0,,,0,,,0,5092.5,,,0,,,0,13428.5703125,1.0,14800.0,1,,,0,5092.5,,,0,,,0,8000.0,22.0,7500.0,23,,,0
NFI,,,16.799999237060547,26752.0,16.799999237060547,329117,10000.0,14.199999809265137,46900,15.380000114440918,4790.0,16.0,42458,15000.0,13.100000381469728,48476,20.0,1000.0,15.0,2000,1000.0,8.0,1000,17.0,4927.0,17.0,706798,28800.0,15.5,184120,10.0,,,0,1200.0,10.0,1200,15.0,105103.0,17.399999618530273,105120,4200.0,13.0,39200
NG,,,667.0499877929688,253.0,880.0,5108,470.0,401.0,1270,710.0,30.0,950.0,2848,100.0,710.0,100,950.0,100.0,1300.0,100,,,0,999.0,369.0,999.0,4254,394.0,903.0,2657,780.8099975585938,,,0,,,0,1000.0,283.0,1000.0,1615,1000.0,651.0,1452
NL,,,5300.0,616.0,5300.0,3733,2.0,4410.0,722,4350.0,51.0,4350.0,1823,10.0,2500.0,163,5000.0,,,0,,,0,6110.0,480.0,6110.0,4515,492.0,5000.0,1433,5000.0,,,0,,,0,4900.0,580.0,4850.0,3364,10.0,4500.0,140
NN,,,50000.0,9.0,56000.0,64,100.0,55000.0,521,57000.0,21.0,57000.0,21,5.0,50000.0,105,30000.0,,,0,,,0,54356.94921875,2.0,65000.0,2,50.0,54000.0,294,29292.80078125,,,0,,,0,50000.0,,,0,,,0
NOZ,,,16000.0,,,0,50.0,10000.0,50,36000.0,10.0,90000.0,10,,,0,43539.53125,,,0,,,0,40000.0,,,0,100.0,10000.0,100,43539.53125,,,0,,,0,43539.53125,,,0,,,0
NR,,,275.0,1625.0,374.0,127049,5000.0,280.0,26000,374.0,14370.0,374.0,66738,2000.0,276.0,2024,350.0,500.0,600.0,500,,,0,360.8800048828125,1700.0,368.0,191205,7500.0,312.0,13500,197.2100067138672,,,0,,,0,237.5,4000.0,375.0,11047,19500.0,150.0,19500
NS,,,490.6900024414063,894.0,500.0,6494,100.0,315.0,12951,323.489990234375,492.0,324.0,24417,100.0,281.0,13212,250.0,,,0,,,0,320.0,780.0,320.0,53396,1000.0,283.0,14567,275.0,,,0,,,0,308.5299987792969,879.0,310.0,60859,180.0,267.0,19143
NST,,,1700.0,60.0,1700.0,4162,500.0,1300.0,500,1600.0,58.0,1600.0,647,168.0,1200.0,368,1200.0,16.0,2500.0,16,,,0,1560.0,158.0,1560.0,4041,15.0,1400.0,1115,1339.1300048828125,,,0,,,0,1590.0,27.0,1590.0,743,100.0,1300.0,420
NUT,88.0,,340.0,21.0,370.0,1442,645.0,340.0,6650,312.0,622.0,349.0,5670,65.0,312.0,22870,250.0,10.0,300.0,10,,,0,400.0,500.0,416.0,3120,8568.0,400.0,38162,151.7100067138672,,,0,1000.0,275.0,1000,341.0,136.0,356.0,3566,620.0,341.0,17757
NV1,135000.0,,138339.296875,1.0,140000.0,20,100.0,135000.0,100,190000.0,2.0,225000.0,9,1.0,190000.0,101,93389.109375,,,0,,,0,200000.0,10.0,200000.0,15,1.0,136000.0,101,93389.109375,,,0,,,0,153281.25,1.0,250000.0,7,100.0,135000.0,100
NV2,,,200340.90625,3.0,229000.0,37,100.0,200000.0,100,200000.0,1.0,244000.0,19,100.0,200000.0,100,129928.8828125,,,0,,,0,200000.0,19.0,250000.0,32,100.0,200000.0,100,129928.8828125,,,0,,,0,200000.0,1.0,237000.0,12,100.0,200000.0,100
O,32.0,,72.9000015258789,9623.0,77.0,227416,193.0,69.5,27982,80.0,130.0,80.0,58748,10.0,75.0,21924,130.0,481.0,110.0,1952,4062.0,83.0,6062,84.69999694824219,17972.0,84.69999694824219,589130,8630.0,72.0,96934,75.0,200.0,85.0,8422,4600.0,75.0,4600,84.4000015258789,5565.0,84.4000015258789,270899,375.0,73.5,30891
OFF,,,95.0,620.0,92.0,47123,4410.0,85.0,31090,80.0,2440.0,80.0,22115,900.0,57.0,2650,120.0,,,0,,,0,95.02999877929688,20000.0,94.9000015258789,67438,1500.0,85.0,25290,100.0,1350.0,100.0,1350,,,0,95.0,1920.0,95.0,84710,52.0,75.0,33627
OLF,,,1100.0,37.0,1500.0,1016,425.0,1100.0,3575,1000.0,,,0,1000.0,1200.0,1100,949.47998046875,,,0,,,0,600.0,,,0,500.0,1100.0,994,949.47998046875,,,0,,,0,1100.0,,,0,500.0,1100.0,1032
OS,,,48550.0,17.0,48900.0,242,10.0,44000.0,22,65000.0,8.0,65000.0,10,,,0,45000.0,,,0,,,0,53800.0,2.0,51000.0,98,10.0,47500.0,30,30207.76953125,,,0,,,0,55000.0,,,0,,,0
OVE,40.0,153.0,149.0,153.0,149.0,10439,10.0,120.0,16942,145.0,6384.0,145.0,12313,29.0,137.0,75104,125.0,602.0,125.0,602,6.0,110.0,1254,135.0,250.0,135.0,39943,250.0,116.0,25448,125.0,208.0,125.0,208,10.0,100.0,10,142.0,3981.0,142.0,11259,20.0,126.0,41098
PBU,,,17500.0,14.0,17500.0,14,15.0,16500.0,70,17500.0,26.0,17500.0,26,25.0,16500.0,65,8070.330078125,,,0,,,0,17250.0,40.0,17500.0,40,1.0,16500.0,89,8070.330078125,,,0,,,0,15500.0,5.0,17300.0,102,30.0,15500.0,60
PCB,,,3492.580078125,955.0,3250.0,2602,9.0,2850.0,9267,2900.0,500.0,3990.0,954,469.0,2900.0,4069,2300.0,,,0,,,0,3440.0,401.0,3440.0,1179,1000.0,3000.0,4296,801.7100219726562,,,0,,,0,3830.0,1000.0,3810.0,2341,40.0,2600.0,1271
PDA,,,2373.97998046875,265.0,2400.0,3163,13.0,2300.0,78,2600.0,30.0,2600.0,1436,50.0,2000.0,52,3000.0,62.0,3000.0,62,50.0,2200.0,50,2596.550048828125,37.0,2600.0,1172,15.0,2300.0,326,6000.0,50.0,5000.0,50,,,0,2590.0,204.0,2590.0,1409,100.0,1000.0,100
PE,,,11.0,40424.0,11.0,863586,99000.0,10.0,462789,9.3100004196167,3000.0,9.9399995803833,1553627,34747.0,9.3100004196167,1874056,12.0,7616.0,12.0,7616,,,0,11.399999618530272,3577.0,11.199999809265137,1755894,5000.0,11.100000381469728,1478324,12.5,16000.0,12.5,16000,50000.0,8.5,50000,11.199999809265137,900.0,11.199999809265137,50239,10433.0,10.0,242699
PFE,,,440.0,250.0,899.0,1642,287.0,440.0,3927,1000.0,100.0,999.0,487,940.0,445.0,940,550.0,300.0,700.0,1830,,,0,300.0,364.0,800.0,4043,,,0,500.0,,,0,309.0,500.0,309,689.0,170.0,689.0,535,60.0,660.0,3920
PG,,,44.0,10672.0,44.0,1937650,3000.0,40.79999923706055,72200,43.13999938964844,6433.0,43.20000076293945,795857,1200.0,41.0,49550,50.0,2121.0,48.0,8721,,,0,47.0,7276.0,47.0,722521,8560.0,43.5,546421,45.0,13.0,45.0,13,,,0,40.0,16481.0,44.0,203299,20000.0,35.0,161019
PIB,,,700.0,2480.0,700.0,3232,5.0,100.0,5,700.0,856.0,700.0,1056,550.0,200.0,550,548.4000244140625,,,0,,,0,700.0,832.0,700.0,1951,100.0,150.0,100,548.4000244140625,,,0,,,0,700.0,1490.0,700.0,1568,12.0,600.0,62
PK,,,850.0,100.0,800.0,2108,1000.0,500.0,1000,500.0,440.0,999.0,1794,,,0,832.27001953125,,,0,,,0,1000.0,203.0,1000.0,433,,,0,832.27001953125,,,0,,,0,1000.0,100.0,1950.0,238,,,0
POW,6000.0,,10000.0,25.0,10800.0,346,97.0,10000.0,207,10000.0,25.0,10000.0,492,100.0,6000.0,100,9500.0,,,0,,,0,10900.0,41.0,10900.0,591,100.0,10100.0,944,2358.169921875,,,0,,,0,10600.0,70.0,10600.0,154,140.0,10000.0,261
PPA,,,350.0,100.0,450.0,526,980.0,350.0,10804,318.0,26.0,317.0,2194,400.0,195.0,400,300.0,,,0,,,0,350.0,234.0,350.0,7944,1000.0,300.0,1980,100.0,,,0,1000.0,220.0,1000,400.0,124.0,350.0,1030,167.0,225.0,2796
PSH,,,7900.0,40.0,8000.0,4603,,,0,8000.0,13.0,11900.0,251,149.0,8000.0,149,3810.2099609375,,,0,,,0,8900.0,47.0,8900.0,8074,,,0,3810.2099609375,,,0,,,0,5500.0,38.0,9500.0,67,500.0,7000.0,500
PSL,,,4140.0,545.0,4140.0,1646,12.0,3750.0,514,3900.0,2.0,3650.0,432,82.0,3400.0,422,4500.0,,,0,,,0,3920.0,7.0,3950.0,4370,165.0,3920.0,856,4000.0,,,0,,,0,4000.0,25.0,3800.0,1373,36.0,2820.0,871
PSM,,,2297.0,80.0,2300.0,478,100.0,2110.0,1450,2360.0,511.0,2680.0,1237,97.0,2360.0,499,2500.0,,,0,,,0,2400.0,57.0,2980.0,3358,96.0,2400.0,2019,1299.199951171875,,,0,,,0,3090.0,10.0,3000.0,298,161.0,1230.0,461
PSS,,,1228.22998046875,41.0,1240.0,1342,393.0,1100.0,1393,1400.0,200.0,1440.0,1198,994.0,1000.0,994,450.0,,,0,,,0,1200.0,100.0,1300.0,6919,948.0,1200.0,2948,649.5999755859375,,,0,,,0,1500.0,17.0,1500.0,596,1000.0,1000.0,2049
PT,,,500.0,1485.0,500.0,10661,1272.0,465.0,3399,497.0,180.0,497.0,8544,10.0,451.0,9172,480.0,238.0,480.0,1159,,,0,485.0,38.0,498.0,32613,71.0,485.0,11268,450.0,95.0,450.0,235,,,0,498.0,3525.0,535.0,17499,286.0,498.0,8547
PWO,,,365.0,97.0,365.0,15077,15.0,340.0,5261,324.0,92.0,324.0,15252,60.0,310.0,1694,290.0,761.0,290.0,4217,,,0,338.0,418.0,338.0,14861,96.0,324.0,8645,298.0,,,0,100.0,298.0,100,345.0,1164.0,345.0,12136,1074.0,305.0,24902
QCR,,,1390000.0,1.0,1400000.0,1,1.0,700000.0,1,1300000.0,1.0,1000000.0,2,2.0,500000.0,2,850000.0,,,0,,,0,1200000.0,1.0,1000000.0,4,1.0,620000.0,1,363299.75,,,0,,,0,1300000.0,1.0,1500000.0,1,1.0,500000.0,1
RAD,,,13000.0,2.0,15000.0,2,100.0,14000.0,456,15500.0,,,0,12.0,14000.0,36,3698.6201171875,,,0,,,0,11130.8701171875,50.0,13500.0,737,50.0,11000.0,300,3698.6201171875,,,0,,,0,18800.0,64.0,19000.0,64,,,0
RAG,,,550000.0,1.0,550000.0,3,1.0,500000.0,1,600000.0,,,0,,,0,258128.515625,,,0,,,0,600000.0,1.0,600000.0,1,1.0,500000.0,1,258128.515625,,,0,,,0,580000.0,,,0,,,0
RAM,,,3513.35009765625,100.0,3400.0,1309,100.0,2500.0,600,2500.0,500.0,2750.0,500,20.0,1430.0,20,1237.0899658203125,,,0,,,0,3300.0,693.0,3300.0,693,200.0,2550.0,400,1600.0,,,0,,,0,2390.0,519.0,3990.0,617,,,0
RAT,32.0,166.0,165.0,5007.0,165.0,31782,9513.0,162.0,374550,163.0,5356.0,163.0,66188,67.0,157.0,272152,250.0,218.0,250.0,218,9990.0,145.0,15091,165.0,6063.0,165.0,230356,2460.0,162.0,1114517,160.0,4299.0,160.0,4299,4300.0,145.0,7259,151.0,1334.0,152.0,321991,86957.0,151.0,479697
RBH,,,24500.0,200.0,25500.0,500,36.0,17500.0,858,19500.0,50.0,19500.0,160,12.0,15000.0,560,19500.0,1.0,19500.0,1,,,0,16000.0,1.0,17600.0,2320,81.0,16000.0,799,7924.009765625,,,0,,,0,21576.669921875,129.0,21700.0,389,100.0,15000.0,884
RCO,400.0,,1892.6600341796875,304.0,1900.0,1612,282.0,1500.0,3630,2000.0,63.0,2000.0,115,39.0,1500.0,4764,600.0,,,0,,,0,1760.0,124.0,1760.0,1693,263.0,1350.0,4642,1400.0,154.0,1400.0,187,967.0,900.0,967,1110.0,270.0,1480.0,1417,196.0,1110.0,4515
RCS,,,185000.0,1.0,180000.0,29,1.0,120000.0,1,400000.0,1.0,400000.0,1,,,0,93545.6015625,,,0,,,0,180000.0,,,0,,,0,93545.6015625,,,0,,,0,210000.0,,,0,,,0
RCT,,,1400000.0,1.0,1400000.0,1,,,0,900000.0,1.0,1300000.0,1,1.0,500000.0,3,1000000.0,,,0,,,0,1200000.0,1.0,1300000.0,1,,,0,354702.8125,,,0,,,0,1100000.0,,,0,,,0
RDE,,,28300.0,29.0,28300.0,756,2.0,25000.0,292,27000.0,24.0,27000.0,218,50.0,25000.0,184,32500.0,2.0,27000.0,16,,,0,27500.0,2.0,27300.0,688,100.0,25400.0,870,14309.6298828125,,,0,,,0,31400.0,4.0,31100.0,111,28.0,25500.0,319
RDL,,,800000.0,4.0,800000.0,5,5.0,400000.0,5,600000.0,1.0,800000.0,1,,,0,378604.3125,,,0,,,0,800000.0,,,0,,,0,378604.3125,,,0,,,0,610000.0,,,0,,,0
RDS,,,310000.0,,,0,,,0,310000.0,,,0,,,0,207901.15625,,,0,,,0,300000.0,,,0,,,0,207901.15625,,,0,,,0,310000.0,,,0,,,0
REA,,,560.0,2760.0,650.0,9281,122.0,560.0,6494,634.0,290.0,600.0,5231,100.0,555.0,2100,500.0,100.0,1000.0,117,14.0,500.0,14,645.0,586.0,645.0,11845,334.0,591.0,12524,300.0,,,0,,,0,552.0,6627.0,599.0,13052,480.0,552.0,4816
RED,,,60000.0,,,0,100.0,60000.0,100,60000.0,5.0,70000.0,5,100.0,60000.0,100,22634.3203125,,,0,,,0,60000.0,12.0,64900.0,49,100.0,60000.0,100,22634.3203125,,,0,,,0,60000.0,,,0,100.0,60000.0,100
REP,,,700.0,2182.0,700.0,19382,100.0,675.0,2961,750.0,70.0,750.0,4386,294.0,670.0,1362,700.0,342.0,700.0,1092,,,0,776.0,134.0,776.0,13624,18.0,735.0,8126,750.0,,,0,,,0,774.0,968.0,774.0,16307,300.0,676.0,1731
RG,,,711.0,523.0,900.0,4380,960.0,715.0,2939,1190.0,500.0,1150.0,3706,57.0,700.0,219,1200.0,,,0,,,0,860.0,40.0,949.0,31621,880.0,860.0,4880,816.0700073242188,,,0,,,0,999.0,34.0,999.0,11840,1000.0,700.0,1000
RGO,,,1800.0,51.0,1800.0,320,50.0,1600.0,90,1800.0,29.0,1800.0,121,100.0,1200.0,1624,794.6500244140625,10.0,1500.0,10,,,0,2497.340087890625,79.0,2500.0,2969,,,0,794.6500244140625,,,0,,,0,3000.0,11.0,3000.0,18,100.0,1000.0,100
RHP,,,2950.0,2000.0,3400.0,2382,4991.0,2400.0,4991,3990.0,7.0,3990.0,274,,,0,2691.989990234375,,,0,,,0,5000.0,,,0,,,0,2691.989990234375,,,0,,,0,4720.419921875,20.0,4990.0,38,,,0
ROM,,,5000.0,100.0,4800.0,1395,100.0,4100.0,637,4000.0,,,0,100.0,3800.0,100,1901.5400390625,,,0,,,0,5100.0,500.0,5000.0,1018,100.0,4100.0,600,1901.5400390625,10.0,3800.0,10,,,0,5000.0,97.0,5000.0,97,200.0,4000.0,200
RSE,,,23900.0,99.0,23900.0,608,200.0,21000.0,860,24300.0,26.0,24300.0,104,18.0,22000.0,662,25000.0,2.0,25000.0,2,,,0,20000.0,6.0,20200.0,2084,11.0,20100.0,405,11854.509765625,,,0,,,0,25700.0,4.0,25400.0,555,18.0,21000.0,584
RSH,,,25000.0,20.0,40000.0,1724,368.0,25000.0,368,25000.0,4.0,30000.0,24,88.0,25000.0,88,17252.720703125,,,0,,,0,25000.0,20.0,40000.0,3020,10.0,24500.0,10,17252.720703125,,,0,,,0,43000.0,18.0,39000.0,48,,,0
RSI,,,1192.97998046875,224.0,1200.0,1756,4.0,168.0,4,900.0,570.0,900.0,1149,100.0,805.0,120,681.4400024414062,,,0,,,0,1170.0,68.0,1170.0,6104,500.0,500.0,500,681.4400024414062,,,0,,,0,1707.260009765625,391.0,1190.0,487,,,0
RTA,,,24500.0,23.0,24500.0,59,34.0,13000.0,262,12800.0,8.0,12500.0,392,2.0,9300.0,126,17300.0,,,0,,,0,13700.0,11.0,13800.0,315,36.0,12100.0,25571,8976.76953125,,,0,,,0,15000.0,2.0,14800.0,241,88.0,12000.0,208
S,,,194.0,2096.0,194.0,16518,200.0,65.0,1200,229.0,754.0,238.0,3000,82.0,80.0,282,250.0,200.0,280.0,200,,,0,145.0,6.0,184.0,36325,1345.0,145.0,5345,85.83999633789062,10.0,140.0,30,,,0,147.0,28.0,146.0,7808,100.0,50.0,100
SA,,,7000.0,32.0,8000.0,32,69.0,7200.0,151,5800.0,,,0,,,0,3395.0,,,0,,,0,5800.0,1.0,6910.0,63,,,0,3395.0,,,0,,,0,9000.0,1.0,9000.0,5,,,0
SAL,,,9880.0,433.0,9880.0,470,100.0,8000.0,568,9990.0,131.0,9800.0,174,5.0,4000.0,5,3395.0,,,0,,,0,10000.0,6.0,9990.0,111,10.0,8500.0,240,3395.0,,,0,,,0,6000.0,,,0,,,0
SAR,,,35310.48046875,40.0,34000.0,566,30.0,31100.0,217,31600.0,30.0,39400.0,225,98.0,31600.0,354,9548.7099609375,,,0,,,0,32000.0,27.0,32000.0,179,50.0,29100.0,150,9548.7099609375,,,0,,,0,30000.0,100.0,34900.0,215,10.0,10000.0,10
SBU,,,30000.0,100.0,30000.0,100,,,0,29500.0,50.0,30000.0,50,6.0,26000.0,6,14796.6103515625,,,0,,,0,30000.0,37.0,30000.0,87,20.0,29500.0,23,14796.6103515625,,,0,,,0,22500.0,16.0,21900.0,89,,,0
SC,,,1050.0,491.0,1050.0,5414,300.0,810.0,1368,889.0,25.0,889.0,4563,972.0,761.0,972,900.0,100.0,1410.0,200,100.0,800.0,100,810.0,77.0,959.0,8070,496.0,810.0,1326,1250.0,5.0,2500.0,5,,,0,1000.0,1061.0,1000.0,4837,170.0,890.0,1498
SCB,,,150000.0,2.0,150000.0,5,,,0,125000.0,1.0,125000.0,1,,,0,54548.37890625,,,0,,,0,95000.0,1.0,95000.0,10,,,0,54548.37890625,,,0,,,0,100000.0,,,0,,,0
SCN,,,2490.0,30.0,2490.0,3885,100.0,2100.0,1154,2700.0,1498.0,2700.0,3159,50.0,2120.0,1113,2500.0,347.0,2500.0,1340,,,0,2385.0,185.0,2390.0,4622,100.0,1900.0,1299,3000.0,3.0,3000.0,13,,,0,2660.0,567.0,2660.0,1875,50.0,1910.0,590
SCR,82.0,,260.0,54.0,260.0,5903,2758.0,200.0,4858,170.0,1229.0,170.0,5287,8.0,135.0,1298,100.0,,,0,,,0,100.0,12.0,150.0,3072,1.0,100.0,1058,150.0,,,0,,,0,100.0,284.0,200.0,626,35.0,83.0,135
SDR,100000.0,,100000.0,19.0,120000.0,19,100.0,100000.0,100,100000.0,,,0,100.0,100000.0,100,37279.75,,,0,,,0,100000.0,,,0,100.0,100000.0,100,37279.75,,,0,,,0,100000.0,,,0,100.0,100000.0,100
SEA,,,190.0,4586.0,190.0,98246,1000.0,150.0,5985,160.0,2746.0,160.0,4225,3470.0,130.0,4474,120.0,,,0,,,0,173.0,3477.0,174.0,16729,350.0,160.0,9527,150.0,,,0,,,0,189.0,350.0,189.0,1031,200.0,165.0,7690
SEN,,,750.0,5000.0,800.0,15116,1000.0,760.0,8598,710.0,2817.0,840.0,6101,1250.0,681.0,2750,1300.0,,,0,50.0,610.0,100,770.0,1950.0,765.0,12614,1000.0,760.0,7951,282.6400146484375,,,0,,,0,750.0,1212.0,749.0,10015,160.0,720.0,1631
SEQ,,,15000.0,5.0,16000.0,5,10.0,15000.0,154,20000.0,1.0,20000.0,1,10.0,15000.0,20,8084.2998046875,,,0,,,0,16000.0,79.0,16000.0,109,10.0,15000.0,20,8084.2998046875,,,0,,,0,8084.2998046875,20.0,21000.0,20,10.0,15000.0,20
SF,6.0,18.0,14.300000190734863,66166.0,15.899999618530272,2168707,4016.0,14.300000190734863,1004172,13.100000381469728,7626.0,13.600000381469728,1720061,385098.0,13.100000381469728,1365198,14.0,29420.0,18.0,114929,18973.0,14.0,19973,15.899999618530272,27095.0,15.899999618530272,3229101,500.0,15.600000381469728,245496,18.0,8583.0,18.0,29248,20000.0,8.0,29490,15.800000190734863,74440.0,15.800000190734863,1994152,1433.0,15.699999809265137,144757
SFE,,,56000.0,2.0,55900.0,51,2.0,51000.0,6,58400.0,1.0,59000.0,59,,,0,25126.7890625,,,0,,,0,58000.0,4.0,57800.0,105,,,0,25126.7890625,,,0,,,0,58000.0,2.0,58200.0,70,2.0,2.0,2
SFK,,,89.0,24117.0,90.0,34277,1000.0,77.0999984741211,28880,90.0,9058.0,90.0,19058,212.0,76.0999984741211,11112,75.0,,,0,,,0,77.0,4423.0,90.4000015258789,27111,670.0,77.0,74949,50.0,,,0,,,0,82.2699966430664,15733.0,90.0,15733,10000.0,75.0,11054
SFL,,,80000.0,1.0,79000.0,3,,,0,175000.0,1.0,137000.0,41,,,0,30779.7109375,,,0,,,0,80000.0,1.0,120000.0,3,,,0,30779.7109375,,,0,,,0,148000.0,1.0,148000.0,11,,,0
SI,,,2200.0,30.0,2280.0,8609,832.0,2200.0,6515,2240.0,36.0,2450.0,664,828.0,2240.0,4410,2100.0,,,0,,,0,2372.35009765625,281.0,2380.0,11351,170.0,2270.0,3468,950.0,,,0,,,0,2200.0,108.0,2350.0,5346,189.0,2150.0,1053
SIL,,,1100.0,16.0,2850.0,618,,,0,2220.0,200.0,1980.0,882,21.0,900.0,121,2262.06005859375,4.0,10000.0,4,,,0,3950.0,28.0,3950.0,1179,,,0,2262.06005859375,4.0,5000.0,4,,,0,2880.0,6.0,2470.0,837,,,0
SIO,,,199.38999938964844,1030.0,220.0,22367,2210.0,150.0,15328,115.0,7626.0,115.0,37330,3316.0,105.0,18972,100.0,99.0,140.0,99,,,0,175.0,1230.0,175.0,44828,928.0,140.0,25724,250.0,,,0,,,0,130.0,2648.0,130.0,13902,139.0,100.0,16201
SNM,,,110000.0,1.0,100000.0,21,1.0,90000.0,1,175000.0,,,0,,,0,76472.2734375,,,0,,,0,80000.0,1.0,80000.0,27,1.0,70000.0,1,76472.2734375,,,0,,,0,76472.2734375,3.0,145000.0,13,,,0
SOI,,,589.5800170898438,428.0,550.0,16932,132.0,450.0,1627,569.0,78.0,569.0,1699,1000.0,500.0,1000,450.0,,,0,,,0,500.0,487.0,500.0,21516,828.0,460.0,2774,450.0,48.0,750.0,48,,,0,420.0,448.0,479.0,5170,372.0,420.0,11067
SOL,,,900.0,1000.0,1000.0,5350,1000.0,900.0,2000,1200.0,2032.0,1200.0,2426,800.0,1000.0,825,445.8999938964844,,,0,,,0,1000.0,300.0,1200.0,2501,200.0,910.0,2216,445.8999938964844,,,0,,,0,1200.0,26.0,1200.0,204,100.0,700.0,100
SP,2500.0,,2500.0,496.0,2510.0,30312,100.0,2500.0,100,2750.0,295.0,2750.0,4159,100.0,2500.0,100,2900.0,12.0,2900.0,154,,,0,2570.0,28.0,2570.0,61473,1000.0,2510.0,3882,1500.0,,,0,,,0,2730.0,26.0,2600.0,12199,100.0,2500.0,100
SRD,,,70000.0,3.0,98000.0,51,100.0,70000.0,100,60000.0,30.0,100000.0,30,100.0,70000.0,100,29443.779296875,,,0,,,0,70000.0,36.0,88000.0,36,100.0,70000.0,100,29443.779296875,,,0,,,0,70000.0,,,0,100.0,70000.0,100
SRP,,,10000.0,310.0,9500.0,1181,100.0,4000.0,200,10000.0,43.0,10000.0,43,,,0,6950.52978515625,,,0,,,0,550.0,,,0,100.0,4000.0,350,6950.52978515625,,,0,,,0,6950.52978515625,,,0,,,0
SSC,,,520.0,305.0,560.0,3483,12.0,454.0,1787,600.0,1093.0,600.0,4105,10.0,505.0,1518,500.0,,,0,,,0,521.0,4.0,520.0,12575,65.0,441.0,6468,400.0,87.0,400.0,97,,,0,500.0,889.0,500.0,1978,2.0,483.0,2291
SSL,,,50000.0,2.0,45000.0,34,,,0,47900.0,2.0,47900.0,21,,,0,18158.619140625,,,0,,,0,47000.0,2.0,47000.0,52,1.0,30000.0,1,18158.619140625,,,0,,,0,45000.0,33.0,45000.0,34,,,0
STL,,,1700.0,60.0,1850.0,9095,986.0,1620.0,3658,1500.0,41.0,1650.0,5988,9.0,1500.0,1417,1600.0,,,0,,,0,1430.0,12.0,1550.0,26807,172.0,1430.0,3508,800.0,10.0,1900.0,10,,,0,1690.0,85.0,1690.0,3562,10.0,1420.0,531
STR,1750.0,,4500.0,20.0,5000.0,100,908.0,2000.0,2416,1750.0,26.0,4000.0,28,30.0,2500.0,480,2350.0,1.0,2350.0,1,,,0,1750.0,33.0,2700.0,514,100.0,1750.0,224,2000.0,,,0,,,0,3000.0,20.0,2500.0,300,100.0,1750.0,300
STS,,,150000.0,44.0,150000.0,107,,,0,154000.0,7.0,154000.0,20,,,0,95518.15625,,,0,,,0,170000.0,14.0,170000.0,26,,,0,95518.15625,,,0,,,0,165000.0,4.0,170000.0,11,1.0,1.0,1
SU,,,175000.0,1.0,300000.0,1,5.0,120000.0,5,150000.0,1.0,199000.0,2,,,0,110719.96875,,,0,,,0,500000.0,5.0,300000.0,5,,,0,110719.96875,,,0,,,0,110719.96875,,,0,,,0
SUD,100000.0,,83500.0,,,0,100.0,100000.0,100,100000.0,,,0,100.0,100000.0,100,37925.1015625,,,0,,,0,83000.0,,,0,4.0,101000.0,104,37925.1015625,,,0,,,0,84000.0,,,0,100.0,100000.0,100
SUN,,,501.0,380.0,501.0,380,3427.0,500.0,4427,582.0,120.0,582.0,828,80.0,353.0,353,430.0,1282.0,430.0,1872,,,0,549.0,20.0,549.0,2566,893.0,425.0,12450,500.0,,,0,,,0,648.0,100.0,647.0,1747,661.0,380.0,661
SWF,,,206.0,40.0,206.0,26387,2000.0,205.0,9386,271.0599975585937,1000.0,330.0,5524,2308.0,210.0,4620,80.22000122070312,,,0,,,0,250.0,275.0,250.0,10277,2000.0,240.0,5993,110.0,100.0,270.0,100,,,0,300.0,86.0,338.0,9704,1000.0,194.0,1100
TA,,,10500.0,972.0,10500.0,1806,100.0,7500.0,100,9700.0,52.0,9780.0,329,1.0,8120.0,28,6462.43017578125,,,0,50.0,8000.0,50,9843.0,15.0,9850.0,931,100.0,8560.0,300,6462.43017578125,,,0,,,0,9790.0,98.0,9790.0,594,,,0
TAC,,,91458.328125,2.0,600000.0,43,30.0,150000.0,30,500000.0,,,0,,,0,91458.328125,,,0,,,0,550000.0,6.0,500000.0,6,,,0,91458.328125,,,0,,,0,91458.328125,,,0,,,0
TAI,,,670.0,79.0,550.0,1379,95.0,300.0,1595,680.0,,,0,200.0,400.0,700,121.01000213623048,,,0,,,0,550.0,207.0,880.0,4588,197.0,550.0,1714,121.01000213623048,,,0,,,0,550.0,36.0,1000.0,36,200.0,280.0,200
TBU,,,58000.0,100.0,58000.0,100,20.0,55000.0,40,58000.0,50.0,58000.0,50,15.0,50000.0,30,22694.48046875,,,0,,,0,55000.0,80.0,55000.0,130,20.0,50000.0,20,22694.48046875,,,0,,,0,55000.0,50.0,58000.0,50,,,0
TC,,,8250.0,67.0,8250.0,513,480.0,7500.0,480,8900.0,59.0,8900.0,59,10.0,2250.0,36,3830.89990234375,,,0,,,0,7500.0,80.0,7500.0,360,,,0,3830.89990234375,,,0,,,0,8750.0,21.0,8000.0,24,1.0,6500.0,116
TCB,,,19000.0,4.0,19000.0,6,,,0,16800.0,7.0,16800.0,7,,,0,9647.73046875,,,0,,,0,49900.0,1.0,49000.0,2,,,0,9647.73046875,,,0,,,0,28000.0,,,0,,,0
TCL,,,2700.0,13.0,2700.0,7229,7.0,2400.0,796,2700.0,180.0,2950.0,7671,20.0,2700.0,140,4000.0,12.0,3500.0,276,,,0,3200.0,364.0,3200.0,11070,250.0,2800.0,4587,1903.9000244140625,,,0,,,0,2303.389892578125,1000.0,2850.0,4484,150.0,2300.0,150
TCO,,,600.0,185.0,600.0,2925,300.0,250.0,366,340.0,98.0,340.0,1178,128.0,136.0,219,120.0,102.0,120.0,195,,,0,500.0,103.0,599.0,664,500.0,250.0,500,130.0,93.0,650.0,535,,,0,400.0,91.0,390.0,980,,,0
TCS,,,2500.0,2130.0,2500.0,5101,20.0,2230.0,196,2500.0,45.0,2500.0,1042,,,0,3600.0,47.0,3600.0,47,,,0,2000.0,100.0,2550.0,8098,80.0,2000.0,580,3500.0,,,0,,,0,3000.0,29.0,3000.0,138,,,0
TCU,,,180000.0,1.0,200000.0,17,5.0,80000.0,5,150000.0,1.0,250000.0,1,2.0,120000.0,2,69644.7890625,,,0,,,0,199000.0,2.0,180000.0,2,1.0,90000.0,3,69644.7890625,,,0,,,0,250000.0,1.0,250000.0,1,,,0
THF,,,420.0,976.0,420.0,976,860.0,327.0,860,490.0,984.0,490.0,8879,120.0,200.0,120,400.0,280.0,400.0,840,,,0,450.0,1823.0,450.0,35926,1000.0,400.0,7493,400.0,,,0,,,0,497.0,1800.0,497.0,5356,,,0
THP,,,4540.0,32.0,4540.0,250,,,0,4690.0,81.0,4690.0,929,,,0,2398.5,,,0,,,0,3000.0,4.0,2910.0,1359,,,0,2398.5,,,0,,,0,4520.0,126.0,4520.0,380,,,0
TI,,,1705.8699951171875,1806.0,1800.0,15565,1000.0,1310.0,18632,839.9600219726562,222.0,1350.0,4022,100.0,850.0,1113,2900.0,200.0,2000.0,200,,,0,1720.0,336.0,1720.0,19774,48.0,1570.0,2909,2250.0,100.0,1700.0,100,,,0,1541.3299560546875,44.0,1550.0,8346,200.0,1140.0,987
TIO,74.0,,200.0,1845.0,239.0,50272,4556.0,200.0,67430,127.9000015258789,80.0,195.0,1956,300.0,110.0,680,330.0,,,0,,,0,198.0,800.0,190.0,51113,100.0,128.0,11538,74.80999755859375,,,0,,,0,172.80999755859375,1265.0,190.0,10912,1000.0,135.0,6023
TK,,,40000.0,,,0,300.0,25000.0,300,40000.0,2.0,35000.0,12,5.0,25000.0,5,20209.48046875,,,0,,,0,30000.0,4.0,39900.0,227,37.0,30000.0,37,20209.48046875,,,0,,,0,39500.0,,,0,,,0
TPU,,,4000.0,28.0,3790.0,128,14.0,3400.0,1582,3300.0,200.0,4000.0,200,308.0,3300.0,308,1173.27001953125,,,0,,,0,3570.0,48.0,3570.0,253,10.0,3300.0,480,1000.0,,,0,,,0,3990.0,527.0,3990.0,527,,,0
TRA,,,1892.8499755859373,44.0,1890.0,3595,,,0,2500.0,82.0,2500.0,142,500.0,1700.0,500,838.6799926757812,,,0,,,0,2000.0,87.0,2000.0,468,266.0,1800.0,266,838.6799926757812,,,0,,,0,2400.0,10.0,2790.0,41,100.0,1800.0,100
TRN,,,480.0,82.0,500.0,39359,820.0,480.0,820,543.0,600.0,780.0,2666,88.0,543.0,8291,600.0,,,0,,,0,530.0,7329.0,619.0,37531,1000.0,522.0,5975,50.0,,,0,,,0,570.0,1000.0,698.0,17219,290.0,530.0,2354
TRU,,,620.0,96.0,620.0,7768,948.0,500.0,26055,548.0,31.0,548.0,5268,12.0,540.0,737,800.0,86.0,800.0,86,4.0,450.0,4,550.0,180.0,550.0,12995,400.0,471.0,7610,490.0,19.0,490.0,511,,,0,700.0,70.0,700.0,370,70.0,600.0,4808
TS,,,300.0,2000.0,899.0,5591,10.0,300.0,304,178.0,2.0,440.0,305,20.0,90.0,1243,74.80999755859375,,,0,,,0,700.0,822.0,700.0,1822,10000.0,300.0,11390,74.80999755859375,,,0,,,0,500.0,,,0,14.0,500.0,2447
TSH,,,29236.109375,25.0,30000.0,6708,25.0,25100.0,36,33000.0,11.0,33000.0,11,9.0,27000.0,13,30000.0,94.0,30000.0,94,,,0,29972.140625,152.0,30000.0,5233,25.0,26900.0,216,16479.69921875,,,0,,,0,30000.0,197.0,30000.0,197,1.0,29000.0,41
TUB,,,190.0,1820.0,190.0,25577,910.0,170.0,4968,100.0,480.0,300.0,4790,340.0,100.0,340,270.0,11.0,270.0,366,,,0,200.0,60.0,230.0,25999,429.0,200.0,16429,190.0,200.0,190.0,719,,,0,265.0,2000.0,263.0,68893,10000.0,100.0,10000
UTS,3500.0,,4970.0,47.0,4970.0,989,84.0,4510.0,1424,6000.0,11.0,6000.0,68,4.0,3750.0,276,5400.0,10.0,5200.0,120,,,0,4500.0,156.0,4900.0,1154,86.0,4500.0,4727,3000.0,,,0,,,0,6990.0,103.0,7000.0,303,100.0,3500.0,100
VCB,,,400000.0,1.0,799000.0,3,,,0,970000.0,1.0,870000.0,2,,,0,327138.125,,,0,,,0,609000.0,1.0,600000.0,4,,,0,327138.125,,,0,,,0,699000.0,1.0,600000.0,2,,,0
VEG,88.0,,350.0,3426.0,350.0,29202,800.0,336.0,16151,290.0,859.0,320.0,10751,9365.0,290.0,10563,180.0,,,0,,,0,379.0,451.0,379.0,13890,2319.0,371.0,21007,300.0,2750.0,375.0,2750,974.0,300.0,974,321.0,56.0,340.0,8219,6491.0,320.0,39369
VG,,,2000.0,25.0,2000.0,6802,15.0,1640.0,2575,2590.0,66.0,2480.0,6247,3.0,1650.0,3,3200.0,10.0,5000.0,10,,,0,2340.0,77.0,2340.0,3586,100.0,2100.0,1630,2000.0,20.0,2400.0,20,,,0,2520.0,13.0,2520.0,5451,30.0,2140.0,2251
VIT,,,797.0,430.0,797.0,2492,100.0,750.0,1506,782.0,7.0,782.0,1533,,,0,324.4700012207031,,,0,,,0,749.3699951171875,1500.0,750.0,1571,,,0,324.4700012207031,,,0,,,0,818.0,116.0,789.0,1927,,,0
VSC,,,31000.0,4.0,31000.0,4,,,0,21900.0,,,0,,,0,16535.4296875,,,0,,,0,25000.0,1.0,25000.0,5,,,0,16535.4296875,,,0,,,0,16535.4296875,,,0,,,0
W,,,10000.0,24.0,9980.0,1965,23.0,8000.0,209,14000.0,86.0,15000.0,458,82.0,8000.0,82,6243.66015625,,,0,,,0,9900.0,63.0,9900.0,3705,16.0,8500.0,546,6243.66015625,,,0,10.0,8000.0,10,8000.0,10.0,12000.0,120,100.0,7000.0,110
WAI,,,91037.1875,10.0,95000.0,250,10.0,90000.0,160,110000.0,11.0,110000.0,11,2.0,95100.0,64,100000.0,50.0,100000.0,261,,,0,95000.0,4.0,95000.0,60,10.0,93500.0,107,51820.4609375,,,0,,,0,93800.0,8.0,93800.0,52,10.0,80000.0,10
WAL,,,5030.0,67.0,6300.0,5300,,,0,7500.0,20.0,7500.0,20,24.0,3000.0,74,2796.830078125,,,0,,,0,5990.0,200.0,6000.0,6196,100.0,4700.0,200,2796.830078125,,,0,,,0,6980.0,47.0,6980.0,1772,,,0
WCB,,,729000.0,1.0,729000.0,8,1.0,600000.0,8,749000.0,1.0,749000.0,2,1.0,200000.0,1,328698.125,,,0,,,0,698000.0,9.0,698000.0,16,1.0,500000.0,2,328698.125,,,0,,,0,889000.0,1.0,889000.0,6,1.0,200000.0,1
WIN,,,6200.0,99.0,6200.0,12602,115.0,6000.0,1285,6190.0,58.0,6190.0,2114,500.0,6000.0,1460,10000.0,5.0,15000.0,13,,,0,6090.0,164.0,6090.0,8622,133.0,6000.0,2617,12000.0,,,0,,,0,6040.0,1.0,6040.0,5138,12.0,6000.0,1612
WM,,,13000.0,60.0,13000.0,449,2.0,4000.0,2,14600.0,1.0,14600.0,34,,,0,6790.0,,,0,,,0,12700.0,98.0,12700.0,368,,,0,6790.0,,,0,,,0,9800.0,,,0,,,0
WOR,,,150000.0,25.0,150000.0,25,,,0,100000.0,,,0,,,0,83883.15625,,,0,,,0,160000.0,6.0,160000.0,6,,,0,83883.15625,,,0,,,0,135000.0,,,0,,,0
WR,,,140000.0,1.0,150000.0,2,100.0,140000.0,100,140000.0,,,0,100.0,140000.0,100,78076.21875,,,0,,,0,140000.0,2.0,150000.0,2,100.0,140000.0,100,78076.21875,,,0,,,0,140000.0,,,0,100.0,140000.0,100
WS,,,4690.0,20.0,4600.0,984,100.0,4400.0,10300,4200.0,146.0,4200.0,1274,100.0,3000.0,10102,6000.0,4.0,6000.0,4,,,0,5270.0,53.0,5270.0,2583,15.0,4750.0,573,2593.969970703125,20.0,9000.0,20,,,0,5000.0,91.0,5000.0,1457,122.0,3510.0,128
ZIR,,,999.0,1000.0,999.0,1806,899.0,202.0,1899,800.0,1000.0,1490.0,3468,23.0,800.0,43,117.5500030517578,,,0,,,0,690.0,2993.0,690.0,8339,400.0,290.0,3188,117.5500030517578,,,0,,,0,500.0,535.0,999.0,544,,,0
ZR,,,13000.0,15.0,14800.0,665,80.0,10000.0,80,12000.0,5.0,12000.0,84,48.0,10000.0,147,5977.02001953125,,,0,,,0,10000.0,20.0,14900.0,295,75.0,10000.0,95,5977.02001953125,,,0,,,0,13400.0,5.0,11800.0,255,,,0
