Ticker,MMBuy,MMSell,AI1-Average,AI1-AskAmt,AI1-AskPrice,AI1-AskAvail,AI1-BidAmt,AI1-BidPrice,AI1-BidAvail,CI1-Average,CI1-AskAmt,CI1-AskPrice,CI1-AskAvail,CI1-BidAmt,CI1-BidPrice,CI1-BidAvail,CI2-Average,CI2-AskAmt,CI2-AskPrice,CI2-AskAvail,CI2-BidAmt,CI2-BidPrice,CI2-BidAvail,NC1-Average,NC1-AskAmt,NC1-AskPrice,NC1-AskAvail,NC1-BidAmt,NC1-BidPrice,NC1-BidAvail,NC2-Average,NC2-AskAmt,NC2-AskPrice,NC2-AskAvail,NC2-BidAmt,NC2-BidPrice,NC2-BidAvail,IC1-Average,IC1-AskAmt,IC1-AskPrice,IC1-AskAvail,IC1-BidAmt,IC1-BidPrice,IC1-BidAvail
AAR,,,15000.0,50.0,16000.0,879,1.0,15100.0,161,14500.0,110.0,14500.0,606,,,0,20000.0,,,0,,,0,14000.0,194.0,16000.0,1494,9.0,14000.0,127,6765.330078125,3.0,16200.0,3,,,0,14800.0,70.0,14800.0,70,,,0
ABH,,,46050.0,97.0,48900.0,2491,50.0,46000.0,1050,49000.0,8.0,48900.0,259,305.0,46000.0,309,46000.0,,,0,,,0,43279.41015625,65.0,48100.0,818,278.0,42000.0,993,24074.48046875,5.0,60000.0,5,,,0,49827.0703125,52.0,55000.0,117,37.0,50000.0,542
ACS,,,130000.0,4.0,170000.0,29,8.0,120000.0,28,140000.0,4.0,150000.0,5,1.0,140000.0,3,74556.703125,,,0,,,0,120000.0,9.0,130000.0,16,2.0,120000.0,2,74556.703125,1.0,124000.0,1,,,0,180000.0,5.0,140000.0,5,,,0
ADE,,,45300.0,11.0,46900.0,1705,156.0,45300.0,542,46000.0,40.0,45000.0,194,20.0,41100.0,111,43000.0,,,0,,,0,44459.1484375,40.0,44800.0,734,18.0,44500.0,636,21210.509765625,7.0,60000.0,7,,,0,44700.0,78.0,44600.0,861,98.0,40600.0,315
ADR,70000.0,,81000.0,1.0,90000.0,11,2.0,81000.0,102,100000.0,1.0,150000.0,1,100.0,70000.0,100,60000.0,,,0,,,0,82000.0,34.0,120000.0,44,7.0,82000.0,127,29108.779296875,,,0,,,0,70000.0,25.0,100000.0,30,100.0,70000.0,100
ADS,,,119000.0,10.0,119000.0,357,3.0,90100.0,27,120000.0,84.0,120000.0,105,,,0,250000.0,,,0,,,0,118000.0,1.0,118000.0,383,6.0,113000.0,18,55055.921875,1.0,128000.0,1,,,0,120000.0,71.0,120000.0,236,3.0,60000.0,13
AEF,,,5697.31982421875,59.0,5700.0,1226,46.0,4290.0,567,5000.0,948.0,5000.0,1948,43.0,4650.0,890,4000.0,,,0,,,0,4230.0,35.0,4800.0,1493,178.0,4230.0,940,4500.0,197.0,4500.0,197,,,0,5800.0,302.0,5800.0,781,100.0,3100.0,300
AEN,,,2500000.0,1.0,2600000.0,1,,,0,1000000.0,,,0,,,0,974291.3125,,,0,1.0,1000000.0,1,2500000.0,,,0,1.0,2500000.0,5,974291.3125,,,0,,,0,974291.3125,,,0,,,0
AFP,,,134241.84375,,,0,,,0,134241.84375,,,0,,,0,134241.84375,,,0,,,0,30000.0,,,0,,,0,134241.84375,,,0,,,0,134241.84375,,,0,,,0
AFR,,,20000.0,38.0,30000.0,49,77.0,20000.0,126,19500.0,,,0,20.0,16000.0,20,7797.1201171875,,,0,,,0,23000.0,5.0,23000.0,46,49.0,18000.0,49,7797.1201171875,,,0,,,0,20000.0,,,0,,,0
AGS,,,499385.0,1.0,499000.0,2,2.0,250000.0,2,499000.0,1.0,598000.0,2,,,0,500000.0,,,0,,,0,450000.0,1.0,599000.0,8,,,0,219398.5,,,0,,,0,799000.0,1.0,599000.0,3,,,0
AHP,,,9500.0,800.0,9000.0,2052,,,0,11900.0,397.0,13000.0,397,,,0,5547.2099609375,,,0,,,0,10000.0,1.0,10000.0,2487,100.0,8500.0,300,5547.2099609375,,,0,,,0,14500.0,37.0,12900.0,237,20.0,9000.0,20
AIR,200000.0,,200000.0,15.0,201000.0,127,100.0,200000.0,100,200000.0,10.0,201000.0,11,100.0,200000.0,100,90993.921875,,,0,,,0,200000.0,4.0,201000.0,14,100.0,200000.0,100,90993.921875,,,0,,,0,200000.0,10.0,201000.0,14,100.0,200000.0,100
AL,,,833.0,805.0,913.0,114894,713.0,833.0,21764,1000.0,273.0,999.0,49326,10.0,920.0,6748,950.0,100.0,1200.0,100,12.0,950.0,15,990.0,80.0,989.0,66492,10.0,971.0,40357,1300.0,,,0,,,0,945.0,612.0,930.0,35152,1211.0,864.0,5865
ALE,,,1300.0,1095.0,1300.0,18156,15.0,1280.0,9053,1150.0,62.0,1150.0,20365,168.0,1100.0,968,1300.0,100.0,1500.0,100,,,0,1280.0,1177.0,1280.0,21537,1340.0,1200.0,6743,1380.0,44.0,1380.0,1117,20.0,1000.0,20,1270.0,73.0,1270.0,13583,1025.0,1100.0,4080
ALG,,,251.0,6479.0,280.0,45304,176.0,251.0,10061,310.0,1991.0,310.0,9948,8206.0,250.0,10884,250.0,,,0,,,0,319.0,606.0,319.0,61569,9964.0,250.0,10874,100.0,,,0,1000.0,200.0,1000,260.0,401.0,279.0,16877,886.0,260.0,28492
ALO,42.0,,170.0,270.0,170.0,105443,1020.0,144.0,36637,135.0,362.0,200.0,34889,200.0,151.0,11658,199.0,325.0,199.0,2113,,,0,170.0,2986.0,200.0,108769,5013.0,170.0,44016,200.0,916.0,240.0,17144,,,0,120.0,6000.0,180.0,33237,919.0,120.0,2248
ALR,,,1343.8399658203125,,,0,,,0,1343.8399658203125,,,0,,,0,1343.8399658203125,,,0,,,0,1343.8399658203125,,,0,,,0,1343.8399658203125,,,0,,,0,1343.8399658203125,,,0,,,0
AMM,61.0,,179.66000366210938,4939.0,180.0,22355,264.0,115.0,8933,110.0,6847.0,110.0,115038,92.0,109.0,1039,100.0,541.0,100.0,2084,50.0,95.0,50,110.0,88.0,149.0,114651,3582.0,110.0,85488,90.0,500.0,100.0,3773,1914.0,90.0,1914,104.0,2162.0,119.0,39160,1180.0,104.0,22909
ANZ,,,70600.546875,,,0,,,0,70600.546875,,,0,,,0,70600.546875,,,0,,,0,70600.546875,,,0,,,0,70600.546875,,,0,,,0,70600.546875,,,0,,,0
APT,,,16500.0,98.0,17000.0,587,200.0,12200.0,200,20000.0,100.0,20000.0,143,,,0,6935.35009765625,,,0,,,0,15000.0,,,0,,,0,6935.35009765625,,,0,,,0,50000.0,100.0,20000.0,101,,,0
AR,,,130.0,4193.0,180.0,43415,820.0,130.0,35742,154.0,1078.0,154.0,136468,300.0,132.0,12600,200.0,260.0,200.0,260,1000.0,150.0,1000,225.0,277.0,225.0,28731,1829.0,150.0,12929,400.0,200.0,270.0,200,,,0,251.0,322.0,251.0,11291,50.0,175.0,3687
ARP,,,10000.0,43.0,10000.0,121,,,0,8500.0,,,0,,,0,4639.3798828125,,,0,,,0,8500.0,98.0,8500.0,101,,,0,4639.3798828125,,,0,,,0,4639.3798828125,,,0,,,0
ASE,,,40000.0,8.0,41000.0,655,30.0,40000.0,834,43000.0,96.0,43000.0,268,30.0,39100.0,339,42000.0,,,0,10.0,33000.0,10,35100.0,118.0,38100.0,890,166.0,35100.0,841,19526.619140625,10.0,48000.0,10,,,0,43800.0,19.0,43800.0,528,42.0,33100.0,138
AST,,,3200.0,292.0,3100.0,1965,8.0,2580.0,3942,3750.0,40.0,3700.0,128,836.0,2010.0,937,1626.449951171875,100.0,10000.0,100,,,0,4300.0,152.0,3990.0,9481,1000.0,2000.0,1002,2000.0,,,0,,,0,2500.0,16.0,4900.0,32,936.0,2500.0,936
ATA,,,28400.0,38.0,27900.0,842,12.0,25700.0,190,27452.869140625,55.0,26500.0,242,50.0,24100.0,138,1600.0,,,0,,,0,23000.0,132.0,26000.0,897,156.0,23000.0,355,15767.91015625,10.0,38000.0,10,,,0,28800.0,6.0,28800.0,498,6.0,25000.0,86
ATP,,,9000.0,,,0,196.0,9000.0,196,30000.0,,,0,,,0,12361.0,,,0,,,0,35000.0,,,0,,,0,12361.0,,,0,,,0,25000.0,3.0,25000.0,3,,,0
AU,,,1800.0,164.0,1800.0,9270,39.0,1660.0,1172,1510.0,10.0,1590.0,1330,728.0,1510.0,1503,950.0,,,0,,,0,1210.0,1.0,1500.0,17903,1500.0,1200.0,3329,998.0,20.0,998.0,71,,,0,1230.0,3.0,1600.0,3993,30.0,1240.0,1154
AUO,137.0,,450.0,390.0,450.0,23196,500.0,323.0,8081,240.0,652.0,240.0,5111,1000.0,153.0,1356,225.0,,,0,900.0,225.0,900,285.0,2164.0,350.0,30505,1000.0,200.0,16208,270.0,,,0,,,0,185.0,500.0,225.0,3245,1917.0,155.0,2017
AWF,,,5500.0,13.0,5800.0,243,50.0,5500.0,50,5900.0,17.0,5900.0,105,,,0,2940.56005859375,,,0,,,0,5000.0,27.0,6000.0,441,28.0,5000.0,128,2940.56005859375,5.0,5950.0,5,,,0,6000.0,3.0,6000.0,13,,,0
AWH,,,16600.0,200.0,17500.0,1039,100.0,16500.0,100,12500.0,200.0,24000.0,225,,,0,8377.23046875,,,0,,,0,19000.0,97.0,19000.0,217,37.0,10000.0,137,8377.23046875,,,0,,,0,25000.0,200.0,24800.0,229,,,0
BAC,,,2000.0,76.0,2000.0,4768,129.0,1530.0,579,2261.639892578125,70.0,2390.0,581,,,0,1276.02001953125,,,0,,,0,1900.0,60.0,1900.0,6708,442.0,1780.0,1942,1276.02001953125,10.0,2250.0,10,,,0,2200.0,205.0,2290.0,4855,50.0,2000.0,80
BAI,,,18000.0,48.0,18000.0,48,48.0,17000.0,469,17000.0,5.0,19000.0,5,95.0,17000.0,97,6790.0,,,0,,,0,18000.0,36.0,18000.0,56,38.0,17000.0,269,6790.0,,,0,,,0,20000.0,,,0,100.0,17000.0,100
BBH,750.0,2900.0,2470.0,329.0,2890.0,429,3.0,2470.0,1738,2890.0,180.0,2890.0,550,200.0,2710.0,1242,2540.0,,,0,30.0,2000.0,69,2900.0,100.0,2900.0,119,7.0,2850.0,4440,2900.0,30.0,2900.0,719,10.0,1900.0,59,2900.0,100.0,2900.0,100,3.0,2810.0,641
BCO,,,627.5499877929688,1000.0,660.0,7936,929.0,625.0,3429,800.0,500.0,799.0,8448,50.0,650.0,17634,660.0,,,0,,,0,616.6500244140625,214.0,700.0,22236,500.0,602.0,11001,640.0,200.0,747.0,200,,,0,620.0,764.0,680.0,9114,500.0,511.0,1500
BDE,850.0,2700.0,2196.5,100.0,2700.0,100,35.0,2190.0,1133,2690.0,22.0,2690.0,124,137.0,2600.0,869,2000.0,100.0,2800.0,100,,,0,2700.0,100.0,2700.0,110,5.0,2460.0,2175,2700.0,494.0,2700.0,514,50.0,2000.0,50,2700.0,100.0,2700.0,100,15.0,1800.0,1453
BE,,,1500.0,1634.0,1500.0,25055,196.0,1300.0,1009,1480.0,30.0,1650.0,5023,964.0,1480.0,1486,2900.0,42.0,2900.0,142,,,0,1510.0,416.0,1630.0,41807,927.0,1510.0,4729,1700.0,18.0,1700.0,18,,,0,1740.0,97.0,1740.0,10846,200.0,1000.0,200
BEA,84.0,,340.0,613.0,368.0,12830,7240.0,340.0,8440,337.0,112.0,337.0,15392,116.0,301.0,6302,250.0,,,0,,,0,306.0,12.0,325.0,36004,2455.0,306.0,11521,250.0,44.0,300.0,595,181.0,250.0,1181,310.0,80.0,323.0,31409,7845.0,310.0,21142
BER,,,490.0,1000.0,489.0,42494,2500.0,400.0,7500,517.0,1000.0,500.0,23286,,,0,500.0,,,0,,,0,275.0,3462.0,364.0,57875,6850.0,275.0,19915,117.5500030517578,50.0,551.0,50,,,0,250.0,250.0,380.0,21526,500.0,175.0,500
BFP,,,18000.0,2.0,25000.0,2,,,0,22000.0,1.0,25000.0,1,,,0,20224.419921875,,,0,,,0,24000.0,,,0,,,0,20224.419921875,,,0,,,0,20224.419921875,2.0,25000.0,2,,,0
BFR,,,3500.0,10.0,6000.0,26,20.0,3500.0,20,6000.0,5.0,5800.0,26,,,0,2515.219970703125,,,0,,,0,4100.0,9.0,4100.0,21,,,0,2515.219970703125,,,0,,,0,9800.0,1.0,10000.0,1,,,0
BGC,,,649.0,170.0,649.0,19327,100.0,621.0,9798,715.0,1000.0,714.0,7501,1500.0,600.0,2964,600.0,36.0,600.0,36,,,0,600.0,249.0,685.0,9906,454.0,600.0,3454,500.0,100.0,720.0,100,,,0,503.6799926757813,340.0,725.0,1342,1000.0,501.0,1350
BGO,,,2764.320068359375,25.0,2750.0,12852,300.0,2550.0,4046,2600.0,3.0,2600.0,578,390.0,2300.0,561,2000.0,,,0,,,0,2230.0,95.0,2340.0,4692,1887.0,2230.0,4283,2300.0,50.0,2500.0,60,,,0,2390.0,50.0,2300.0,1263,50.0,2010.0,350
BGS,,,218000.0,1.0,218000.0,4,1.0,160000.0,1,199000.0,6.0,199000.0,6,,,0,87483.4765625,,,0,,,0,200000.0,1.0,199000.0,6,,,0,87483.4765625,,,0,,,0,199000.0,3.0,199000.0,32,1.0,1.0,1
BHP,,,4600.0,2859.0,4600.0,3488,55.0,3270.0,492,2700.0,58.0,3800.0,1806,50.0,2610.0,265,1500.0,,,0,,,0,3760.0,972.0,3760.0,13108,58.0,2800.0,1758,3700.0,53.0,3700.0,138,,,0,4440.0,43.0,4440.0,1249,38.0,3700.0,221
BID,,,109000.0,14.0,80000.0,147,,,0,3000.0,10.0,100000.0,20,,,0,24534.48046875,,,0,,,0,100000.0,6.0,100000.0,26,,,0,24534.48046875,,,0,,,0,24534.48046875,10.0,100000.0,10,,,0
BL,,,7000.0,100.0,8000.0,802,100.0,6000.0,100,8500.0,179.0,8500.0,280,100.0,7500.0,200,4500.0,,,0,,,0,8000.0,10.0,8000.0,259,18.0,7000.0,342,2975.580078125,,,0,,,0,8000.0,3.0,8900.0,53,53.0,5500.0,53
BLE,,,2300.0,44.0,2290.0,2561,116.0,1700.0,702,2100.0,356.0,2100.0,2759,100.0,1000.0,100,1800.1600341796875,,,0,,,0,2400.0,6.0,2290.0,1557,200.0,1800.0,400,1800.1600341796875,,,0,,,0,300.0,330.0,2300.0,975,46.0,300.0,46
BMF,,,30000.0,83.0,30000.0,403,20.0,27000.0,309,32000.0,4.0,32000.0,66,1.0,28000.0,1,10932.1796875,,,0,5.0,22000.0,5,29000.0,4.0,29000.0,465,10.0,27000.0,155,10932.1796875,1.0,31000.0,1,,,0,31000.0,1.0,31000.0,108,47.0,25000.0,57
BND,,,150.0,3482.0,225.0,4482,,,0,300.0,200.0,325.0,200,,,0,269.8999938964844,,,0,,,0,225.0,886.0,225.0,886,371.0,200.0,381,500.0,,,0,,,0,190.0,,,0,,,0
BOR,,,317.0,6310.0,450.0,26350,125.0,317.0,7720,618.0,32.0,618.0,5141,100.0,330.0,150,300.0,,,0,300.0,225.0,300,550.0,103.0,550.0,28715,236.0,360.0,2087,75.0,10.0,550.0,10,50.0,130.0,250,301.0,,,0,482.0,301.0,782
BOS,,,5340.0,583.0,5340.0,583,60.0,3270.0,602,4875.0,12.0,4800.0,40,,,0,3250.0,,,0,,,0,4990.0,800.0,4600.0,2336,270.0,3810.0,1020,1907.8199462890625,,,0,,,0,2910.0,191.0,5000.0,191,,,0
BPT,,,4000.0,6.0,17000.0,6,,,0,8000.0,,,0,,,0,2205.449951171875,,,0,,,0,8000.0,145.0,8000.0,2134,,,0,2205.449951171875,,,0,,,0,8000.0,,,0,,,0
BR1,,,940000.0,1.0,940000.0,18,1.0,750000.0,6,600000.0,1.0,790000.0,13,1.0,500000.0,1,1300000.0,,,0,,,0,850000.0,1.0,879000.0,9,1.0,500000.0,1,252956.640625,,,0,,,0,900000.0,3.0,950000.0,11,1.0,450000.0,2
BR2,,,899000.0,2.0,899000.0,8,,,0,949000.0,2.0,949000.0,6,1.0,900000.0,1,1300000.0,,,0,,,0,899500.0,2.0,900000.0,6,,,0,339977.96875,,,0,,,0,900000.0,2.0,1600000.0,4,,,0
BRM,,,200.0,500.0,200.0,8548,206.0,171.0,1577,163.1199951171875,1000.0,370.0,10949,1000.0,150.0,1000,270.0,3165.0,200.0,16907,1000.0,91.0,1000,248.0,3000.0,250.0,21076,3704.0,166.0,34240,200.0,87.0,250.0,287,,,0,180.0,223.0,180.0,4097,120.0,172.0,220
BRO,,,2536.39990234375,1.0,2550.0,2889,96.0,2060.0,484,3500.0,89.0,3500.0,89,20.0,2010.0,45,829.989990234375,7.0,2500.0,7,,,0,1900.0,63.0,2350.0,1798,323.0,1900.0,828,829.989990234375,,,0,,,0,2740.0,169.0,2740.0,1689,9.0,1000.0,9
BRP,,,5000.0,72.0,5990.0,96,30.0,4000.0,30,6000.0,5.0,6000.0,5,,,0,2656.760009765625,,,0,,,0,5500.0,240.0,5200.0,244,,,0,2656.760009765625,,,0,,,0,2656.760009765625,,,0,,,0
BRS,,,600000.0,,,0,4.0,200000.0,4,420000.0,1.0,1000000.0,1,1.0,200000.0,3,126513.0703125,,,0,,,0,420000.0,1.0,420000.0,1,1.0,150000.0,1,126513.0703125,,,0,,,0,450000.0,,,0,,,0
BSC,,,53939.48828125,4.0,54000.0,44,30.0,47000.0,96,50000.0,32.0,52000.0,32,20.0,40000.0,25,14471.7197265625,,,0,,,0,50000.0,98.0,52000.0,98,,,0,14471.7197265625,1.0,52000.0,1,,,0,50000.0,40.0,55000.0,40,,,0
BSE,425.0,1900.0,1860.0,100.0,1900.0,115,129.0,1860.0,9723,1890.0,913.0,1890.0,5021,3.0,1850.0,2061,1600.0,,,0,4.0,1600.0,130,1900.0,100.0,1900.0,219,73.0,1850.0,5777,1900.0,6.0,1900.0,899,50.0,1500.0,50,1900.0,100.0,1900.0,100,20.0,1850.0,3665
BSU,,,555194.0,,,0,,,0,555194.0,,,0,,,0,555194.0,,,0,,,0,555194.0,,,0,,,0,555194.0,,,0,,,0,555194.0,,,0,,,0
BTA,,,1790.0,826.0,1790.0,926,4.0,1500.0,856,1790.0,170.0,1790.0,270,1.0,1650.0,883,1580.0,17.0,1580.0,534,,,0,1740.0,4.0,1740.0,643,1.0,1720.0,2259,1550.0,9.0,1550.0,554,3.0,1100.0,53,1780.0,82.0,1780.0,228,4.0,900.0,258
BTS,,,371.0,2670.0,470.0,38374,250.0,372.0,6198,489.0,9901.0,489.0,34356,1532.0,341.0,1532,100.3499984741211,,,0,,,0,250.0,2890.0,400.0,40841,604.0,250.0,12604,100.3499984741211,100.0,529.0,100,,,0,405.0,10969.0,395.0,17256,2000.0,305.0,5500
BWH,,,9500.0,80.0,9500.0,120,,,0,5000.0,24.0,6400.0,148,,,0,3002.35009765625,,,0,,,0,3250.0,,,0,73.0,3250.0,73,3002.35009765625,,,0,,,0,9000.0,69.0,4250.0,69,,,0
BWS,,,25000.0,4.0,24900.0,459,47.0,23000.0,639,22800.0,2.0,22000.0,103,,,0,30000.0,,,0,5.0,22000.0,5,20000.0,246.0,24000.0,976,21.0,20000.0,217,8590.1298828125,1.0,23000.0,1,,,0,36000.0,12.0,36000.0,13,,,0
C,,,936.0,46.0,935.0,84775,800.0,825.0,29654,899.0,34.0,899.0,28816,151.0,851.0,24004,827.5,400.0,900.0,892,500.0,601.0,1100,925.0,48.0,930.0,89301,57.0,925.0,46901,764.3200073242188,354.0,820.0,1742,947.0,700.0,947,777.0,20.0,799.0,84965,1000.0,778.0,42447
CA,,,600.0,3.0,1790.0,33,100.0,600.0,100,850.0,124.0,800.0,161,,,0,101.0,,,0,,,0,207.0,134.0,1200.0,341,1621.0,207.0,1821,991.1799926757812,15.0,1000.0,15,,,0,100.0,14.0,949.0,893,98.0,100.0,98
CAF,,,1200.0,81.0,1300.0,8739,,,0,1390.0,102.0,1390.0,7195,10.0,950.0,2126,1000.0,,,0,,,0,1420.0,1000.0,1400.0,9252,1000.0,1300.0,5611,776.280029296875,,,0,500.0,1000.0,500,900.0,103.0,1340.0,12586,100.0,1000.0,1313
CAP,,,371.0,455.0,371.0,4687,587.0,256.0,1287,277.0,78.0,319.0,1048,,,0,141.97000122070312,,,0,,,0,235.0,348.0,320.0,10143,408.0,235.0,1408,141.97000122070312,100.0,250.0,100,,,0,300.0,400.0,340.0,980,100.0,100.0,100
CBL,,,92000.0,10.0,92000.0,20,100.0,91000.0,100,95000.0,3.0,95000.0,3,100.0,91000.0,100,88000.0,3.0,91000.0,3,,,0,91100.0,1.0,94600.0,86,122.0,91100.0,372,43652.0703125,5.0,92000.0,5,,,0,91000.0,14.0,100000.0,284,100.0,91000.0,100
CBM,,,72000.0,48.0,72000.0,48,10.0,66000.0,140,66776.7578125,,,0,100.0,63000.0,100,29521.830078125,,,0,,,0,64000.0,2.0,70000.0,2,31.0,64000.0,131,29521.830078125,5.0,69900.0,5,,,0,63000.0,,,0,100.0,63000.0,100
CBS,,,42000.0,18.0,44000.0,53,100.0,42000.0,100,42154.2109375,21.0,43000.0,21,100.0,42000.0,100,17911.099609375,5.0,50000.0,5,,,0,42000.0,55.0,43000.0,55,100.0,42000.0,100,17911.099609375,10.0,43000.0,10,,,0,42000.0,5.0,43800.0,5,100.0,42000.0,100
CBU,,,380000.0,1.0,400000.0,69,10.0,350000.0,10,390000.0,46.0,390000.0,98,,,0,173954.71875,,,0,,,0,360000.0,1.0,400000.0,89,2.0,360000.0,2,173954.71875,,,0,,,0,380000.0,50.0,410000.0,104,20.0,360000.0,20
CC,650000.0,,650000.0,1.0,2000000.0,1,100.0,650000.0,100,650000.0,1.0,675000.0,2,100.0,650000.0,100,330828.71875,,,0,,,0,650000.0,5.0,750000.0,5,100.0,650000.0,100,330828.71875,,,0,,,0,650000.0,,,0,100.0,650000.0,100
CCD,,,80031.5,48.0,80200.0,68,100.0,80000.0,100,80000.0,11.0,80200.0,285,100.0,80000.0,100,27557.33984375,,,0,,,0,80200.0,98.0,81000.0,398,25.0,80100.0,165,27557.33984375,,,0,,,0,80100.0,100.0,80100.0,110,100.0,80000.0,100
CD,,,13000.0,2.0,25000.0,32,19.0,10200.0,67,20000.0,4.0,20000.0,4,,,0,7880.33984375,,,0,,,0,13200.0,,,0,10.0,12000.0,109,7880.33984375,10.0,13200.0,10,,,0,13200.0,,,0,,,0
CF,,,6991.7900390625,85.0,7480.0,1565,29.0,6640.0,1259,7633.330078125,6.0,7890.0,170,1000.0,4710.0,1279,5000.0,,,0,,,0,7457.14013671875,376.0,7500.0,1751,1000.0,6360.0,2141,7850.0,7.0,7850.0,7,,,0,7000.0,28.0,7000.0,416,1000.0,5510.0,1120
CHA,,,30000.0,,,0,7.0,30000.0,37,45000.0,3.0,60000.0,3,,,0,20987.94921875,,,0,,,0,100000.0,26.0,100000.0,26,20.0,57000.0,22,20987.94921875,,,0,,,0,12500.0,5.0,120000.0,5,,,0
CL,,,3600.3798828125,400.0,4150.0,18743,150.0,3360.0,6958,4114.4501953125,1100.0,4000.0,22735,800.0,3310.0,4855,4000.0,26.0,4000.0,86,180.0,2300.0,180,3990.0,4644.0,4000.0,17761,909.0,3440.0,5428,3000.0,59.0,4000.0,59,,,0,3220.0,2.0,3920.0,7148,500.0,3220.0,2920
CLI,51.0,,246.7899932861328,648.0,250.0,82114,22.0,104.0,13246,247.0,3457.0,248.0,38088,24.0,160.0,7082,250.0,180.0,250.0,180,400.0,170.0,2400,247.38999938964844,7301.0,254.0,21491,30.0,200.0,5099,375.0,123.0,375.0,131,,,0,110.0,2.0,160.0,11580,682.0,110.0,1914
COF,,,835.0,75.0,889.0,48091,27.0,835.0,10961,828.0,559.0,828.0,26388,300.0,780.0,9512,1500.0,55.0,1500.0,55,25.0,800.0,526,845.0,5691.0,845.0,61456,48.0,811.0,12304,855.0,420.0,855.0,420,,,0,800.0,675.0,800.0,43942,7.0,750.0,30142
COM,,,120000.0,8.0,120000.0,141,3.0,102000.0,21,120000.0,13.0,128000.0,119,2.0,120000.0,18,250000.0,,,0,,,0,122916.671875,1.0,120000.0,76,9.0,80100.0,25,37311.390625,1.0,116000.0,1,,,0,128000.0,44.0,128000.0,50,5.0,100000.0,5
COT,,,3000.0,978.0,3000.0,5764,692.0,2900.0,1438,2920.0,40.0,2930.0,1177,6.0,2920.0,2021,3000.0,,,0,,,0,2800.0,700.0,2800.0,2696,400.0,2400.0,2020,4000.0,3.0,4000.0,3,,,0,3050.0,190.0,2950.0,4354,15.0,2750.0,725
CPU,,,1425662.875,,,0,,,0,1425662.875,,,0,,,0,1425662.875,,,0,,,0,1425662.875,,,0,,,0,1425662.875,,,0,,,0,1425662.875,,,0,,,0
CQL,,,1890000.0,1.0,1890000.0,4,,,0,1890000.0,1.0,2130000.0,3,,,0,1000000.0,,,0,,,0,2000000.0,4.0,2000000.0,4,,,0,634922.0,,,0,,,0,2100000.0,,,0,1.0,1.0,1
CQM,,,1000000.0,1.0,1230000.0,5,,,0,1290000.0,1.0,1300000.0,3,,,0,875000.0,,,0,,,0,1050000.0,3.0,1050000.0,6,1.0,850000.0,3,481565.0,,,0,,,0,800000.0,1.0,1200000.0,4,,,0
CQS,,,897000.0,3.0,850000.0,6,,,0,899000.0,1.0,1100000.0,1,2.0,600000.0,4,800000.0,,,0,1.0,600000.0,1,750000.0,4.0,750000.0,15,,,0,378392.0,,,0,,,0,799000.0,1.0,799000.0,8,,,0
CQT,,,549000.0,1.0,549000.0,1,,,0,150000.0,1.0,320000.0,2,2.0,100000.0,2,250000.0,,,0,,,0,275000.0,2.0,278000.0,3,4.0,100000.0,4,107709.6171875,,,0,,,0,310000.0,1.0,500000.0,1,,,0
CRU,,,799000.0,1.0,800000.0,1,100.0,200000.0,100,200000.0,,,0,100.0,200000.0,100,139245.9375,,,0,,,0,1000000.0,5.0,1000000.0,5,1.0,300000.0,101,139245.9375,,,0,,,0,139245.9375,,,0,100.0,200000.0,100
CST,,,2250.0,38.0,2250.0,136,,,0,2400.0,130.0,2400.0,147,,,0,2912.7099609375,,,0,,,0,2480.0,27.0,2480.0,90,,,0,2912.7099609375,,,0,,,0,1690.0,,,0,,,0
CTF,,,17500.0,50.0,20000.0,533,44.0,17500.0,254,18000.0,18.0,20000.0,38,5.0,14000.0,5,16000.0,,,0,,,0,22000.0,4.0,22000.0,193,50.0,17000.0,250,10081.8896484375,10.0,20500.0,10,,,0,17000.0,12.0,20000.0,12,48.0,16000.0,48
CU,,,2040.0,119.0,2040.0,14622,157.0,1610.0,3623,1730.0,377.0,2170.0,4177,49.0,1730.0,1345,1400.0,,,0,,,0,1870.0,261.0,1870.0,10347,73.0,1700.0,6172,2250.0,8.0,2250.0,8,,,0,2100.0,162.0,2100.0,786,200.0,1300.0,599
CUO,,,400.0,140.0,400.0,8350,68.0,315.0,25243,429.4700012207031,23.0,497.0,1323,100.0,230.0,2667,425.0,,,0,100.0,164.0,600,369.0,1565.0,369.0,8500,401.0,214.0,11989,600.0,26.0,600.0,26,,,0,188.33999633789065,500.0,374.0,5735,1007.0,180.0,3942
DA,,,46000.0,10.0,60000.0,10,9.0,45000.0,131,49000.0,17.0,50000.0,17,1.0,49000.0,1,45000.0,,,0,,,0,50000.0,9.0,69000.0,9,5.0,47500.0,47,26101.83984375,,,0,,,0,41800.0,10.0,55000.0,19,10.0,50000.0,10
DCH,,,27000.0,1.0,28000.0,226,100.0,27000.0,110,19000.0,,,0,1.0,27000.0,1,8990.330078125,,,0,,,0,24486.83984375,50.0,24000.0,100,50.0,22000.0,172,8990.330078125,,,0,,,0,8990.330078125,,,0,10.0,20000.0,10
DCL,,,6623.66015625,23.0,6500.0,1020,49.0,6000.0,1665,5500.0,20.0,5890.0,748,50.0,5250.0,50,3482.080078125,,,0,,,0,6790.0,8.0,6790.0,1010,266.0,5800.0,948,3482.080078125,10.0,6790.0,10,,,0,5000.0,10.0,7990.0,25,,,0
DCM,,,4500.0,14.0,4690.0,1793,8.0,4500.0,1279,4010.0,20.0,4960.0,225,300.0,4310.0,2640,3500.0,,,0,,,0,4815.35009765625,2.0,4990.0,2547,370.0,4810.0,2640,4900.0,,,0,,,0,4400.0,,,0,170.0,4400.0,1256
DCS,,,1820.0,382.0,1820.0,4786,1000.0,1700.0,5054,1797.260009765625,74.0,1850.0,730,300.0,1600.0,2528,1500.0,,,0,,,0,2050.0,1500.0,2120.0,5162,286.0,1780.0,2844,846.72998046875,50.0,1840.0,50,,,0,1491.25,479.0,2300.0,519,34.0,1470.0,984
DD,,,36000.0,1.0,40000.0,16,5.0,36700.0,9,44400.0,6.0,44400.0,6,,,0,25000.0,3.0,25000.0,4,,,0,38900.0,11.0,38900.0,27,1.0,36000.0,1,26608.73046875,,,0,,,0,30000.0,,,0,,,0
DDT,,,2450.0,30.0,2590.0,14598,11.0,2450.0,2153,3380.0,193.0,3380.0,3260,20.0,1500.0,4598,100.0,144.0,3500.0,495,,,0,2650.0,70.0,2650.0,18883,200.0,2250.0,2617,2500.0,,,0,,,0,2027.199951171875,18.0,3400.0,3865,20.0,2500.0,5756
DEC,,,14000.0,72.0,33900.0,379,2.0,14000.0,2,17650.0,40.0,17000.0,189,,,0,9362.0,,,0,,,0,17000.0,212.0,20900.0,885,26.0,17000.0,276,9362.0,,,0,,,0,15400.0,2.0,15600.0,2,,,0
DIS,,,14000.0,59.0,14000.0,59,,,0,7700.0,39.0,8800.0,49,2.0,4700.0,2,5454.77001953125,17.0,9500.0,17,,,0,9000.0,50.0,7000.0,50,,,0,5454.77001953125,10.0,9000.0,10,,,0,6500.0,13.0,6500.0,13,,,0
DOU,,,449000.0,1.0,449000.0,3,,,0,101902.6328125,1.0,450000.0,1,,,0,101902.6328125,,,0,,,0,260000.0,1.0,450000.0,1,,,0,101902.6328125,,,0,,,0,275000.0,,,0,,,0
DRF,,,5007.72021484375,5.0,5200.0,576,17.0,5010.0,448,5500.0,36.0,6000.0,204,,,0,3014.18994140625,,,0,,,0,5000.0,82.0,5500.0,196,34.0,5000.0,34,3014.18994140625,,,0,,,0,6400.0,97.0,6400.0,97,49.0,5000.0,94
DV,,,14000.0,1.0,14000.0,83,1.0,13000.0,1,22000.0,2.0,20000.0,4,1.0,10000.0,1,15000.0,2.0,15000.0,2,,,0,14000.0,3.0,14000.0,53,3.0,13000.0,3,12317.7900390625,,,0,,,0,15000.0,,,0,,,0
DW,19.0,121.0,120.0,99650.0,120.0,281750,250.0,115.0,297687,101.0,50000.0,108.0,245944,3139.0,101.0,150109,110.0,,,0,20.0,100.0,10021,120.0,86433.0,120.0,162246,100.0,114.0,230697,105.0,4674.0,105.0,5643,311.0,95.0,2760,104.0,15776.0,104.0,178502,50.0,100.0,505838
EBU,,,210000.0,47.0,230000.0,97,1.0,163000.0,3,210000.0,38.0,210000.0,86,,,0,90493.8203125,,,0,,,0,200000.0,45.0,230000.0,95,8.0,200000.0,10,90493.8203125,,,0,,,0,210000.0,39.0,230000.0,89,11.0,200000.0,11
EDC,8000.0,,8010.0,9.0,9000.0,362,943.0,8010.0,1043,8000.0,15.0,8100.0,141,100.0,8000.0,100,11000.0,2.0,11000.0,3,,,0,8000.0,6.0,9890.0,115,100.0,8000.0,100,8211.8603515625,,,0,,,0,8000.0,10.0,11200.0,10,100.0,8000.0,100
EES,,,55000.0,92.0,55000.0,832,,,0,55000.0,5.0,55000.0,61,,,0,75000.0,2.0,75000.0,7,,,0,43900.0,25.0,43900.0,72,12.0,41000.0,12,48394.19921875,,,0,,,0,69700.0,7.0,69600.0,13,,,0
ENG,,,1100000.0,1.0,1100000.0,4,1.0,850000.0,1,997000.0,6.0,989000.0,20,,,0,365225.5625,,,0,,,0,975000.0,1.0,1000000.0,4,1.0,350000.0,1,365225.5625,,,0,,,0,1000000.0,1.0,1000000.0,2,1.0,550000.0,1
EPO,,,183.0,4500.0,183.0,414951,19900.0,166.0,385512,163.0,4070.0,163.0,148670,7864.0,162.0,144894,175.0,,,0,,,0,172.0,10250.0,172.0,459777,42292.0,165.0,216042,170.0,460.0,170.0,12610,,,0,164.0,500.0,170.0,96723,4723.0,164.0,115923
ES,,,1490.0,570.0,1490.0,6147,100.0,1240.0,1460,1380.9300537109375,1126.0,1390.0,28356,50.0,1040.0,1547,1650.0,100.0,2000.0,100,,,0,1410.0,17.0,1410.0,19868,500.0,1210.0,1500,1875.3499755859373,20.0,1440.0,20,,,0,1620.0,89.0,1610.0,1459,300.0,1120.0,850
ETC,,,24000.0,14.0,24000.0,214,4.0,12000.0,4,17500.0,4.0,20000.0,4,,,0,15000.0,,,0,,,0,20000.0,,,0,50.0,11100.0,55,10235.5302734375,,,0,,,0,20000.0,27.0,20000.0,27,8.0,8900.0,8
EXO,,,384.0,396.0,384.0,7060,59.0,331.0,21726,275.0,518.0,275.0,17487,5000.0,243.0,9754,350.0,600.0,300.0,1000,,,0,328.0,89.0,328.0,13919,96.0,287.0,16870,310.0,23.0,310.0,2888,,,0,332.239990234375,144.0,334.0,12422,1886.0,260.0,18966
F,,,6000.0,50.0,6000.0,50,100.0,1000.0,400,1500.0,100.0,4400.0,400,200.0,1550.0,315,1000.0,,,0,,,0,2000.0,6932.0,2000.0,16411,203.0,1600.0,403,222.22000122070312,1000.0,2900.0,7010,,,0,2300.0,180.0,2300.0,1772,500.0,310.0,600
FAL,,,1900.0,3.0,1900.0,3622,114.0,1730.0,273,2822.860107421875,54.0,2850.0,338,1000.0,1520.0,2096,1025.3900146484375,,,0,,,0,2856.0400390625,600.0,2580.0,2308,100.0,1780.0,1100,1025.3900146484375,,,0,,,0,2680.0,29.0,2680.0,387,1000.0,1500.0,1082
FAN,,,2240.0,251.0,2240.0,2062,3.0,1860.0,1175,2100.0,265.0,2100.0,1381,,,0,971.9500122070312,,,0,,,0,1900.0,74.0,2140.0,1778,294.0,1900.0,844,1000.0,10.0,2250.0,10,,,0,2200.0,82.0,2200.0,82,,,0
FC,,,8000.0,34.0,9000.0,34,100.0,4500.0,1106,4500.0,,,0,415.0,4500.0,589,2253.139892578125,,,0,,,0,4600.0,6.0,4890.0,1730,15.0,4600.0,440,2253.139892578125,,,0,,,0,4200.0,1.0,5460.0,6,2000.0,4210.0,2168
FE,,,990.0,9.0,990.0,20230,42.0,912.0,1697,889.0,59.0,889.0,3828,82.0,863.0,8553,500.0,,,0,,,0,801.0,51.0,870.0,16015,66.0,801.0,2261,850.0,232.0,850.0,882,25.0,700.0,33,703.8699951171875,366.0,889.0,5937,598.0,701.0,3162
FEO,32.0,,194.0,171.0,194.0,36637,159.0,155.0,2896,119.0,88.0,119.0,4446,51.0,108.0,2703,99.0,,,0,60.0,60.0,1013,96.0,23.0,97.0,16260,13747.0,96.0,48158,80.0,258.0,80.0,6624,,,0,149.0,76.0,145.0,4119,5000.0,135.0,11153
FET,,,2990.0,95.0,2990.0,4423,71.0,2760.0,2125,2510.0,88.0,3290.0,254,916.0,2510.0,1031,1610.8499755859375,,,0,,,0,3270.0,181.0,3270.0,7553,20.0,2770.0,1590,1610.8499755859375,,,0,,,0,3500.0,152.0,3500.0,352,1000.0,2500.0,1010
FF,9.0,24.0,17.0,238136.0,17.0,1556801,1000.0,16.600000381469727,251101,18.0,119984.0,18.0,1143623,1900.0,16.200000762939453,272987,19.0,510.0,19.0,146345,30.0,16.0,33385,17.0,300.0,16.899999618530273,1833568,451.0,16.600000381469727,267360,19.5,28856.0,19.5,69043,161.0,19.0,24888,17.0,191052.0,17.0,1291600,8226.0,16.899999618530273,588071
FFC,,,260000.0,3.0,260000.0,16,100.0,240000.0,100,280000.0,3.0,280000.0,5,100.0,240000.0,100,143944.21875,,,0,,,0,270000.0,1.0,270000.0,21,1.0,245000.0,101,143944.21875,,,0,,,0,279000.0,2.0,280000.0,14,100.0,240000.0,100
FIM,,,2490.0,3116.0,2490.0,25826,690.0,2070.0,6701,2000.0,587.0,2100.0,6752,2000.0,2000.0,10252,4000.0,20.0,4000.0,20,,,0,2174.43994140625,749.0,2180.0,35053,865.0,2010.0,9027,1900.0,419.0,2500.0,419,,,0,1952.280029296875,16.0,2000.0,10376,3378.0,1930.0,16219
FIR,,,1200000.0,1.0,1300000.0,2,,,0,1400000.0,1.0,1400000.0,1,,,0,560757.5,,,0,,,0,969000.0,2.0,796000.0,5,,,0,560757.5,,,0,,,0,560757.5,2.0,1400000.0,2,,,0
FLO,,,24747.279296875,1.0,23000.0,184,,,0,27500.0,62.0,28500.0,62,,,0,10142.9501953125,,,0,,,0,21000.0,,,0,1.0,21000.0,1,10142.9501953125,,,0,,,0,30000.0,54.0,35000.0,100,,,0
FLP,,,640.0,368.0,640.0,1433,6.0,602.0,1673,518.1300048828125,20.0,739.0,102,,,0,200.0,100.0,600.0,100,500.0,300.0,600,625.0,966.0,625.0,13791,270.0,610.0,4978,600.0,48.0,600.0,366,,,0,679.0,501.0,679.0,3766,5.0,550.0,121
FLX,,,218.0,1364.0,218.0,62914,80.0,176.0,34675,190.0,1810.0,169.0,59937,50.0,150.0,23498,200.0,100.0,250.0,100,,,0,186.0,1275.0,186.0,73968,100.0,161.0,56223,300.0,653.0,300.0,654,,,0,180.0,543.0,180.0,58025,65.0,140.0,31575
FOD,,,409.0,4399.0,450.0,13227,196.0,409.0,4417,488.0,445.0,488.0,1726,,,0,290.0,,,0,,,0,474.0,480.0,474.0,1660,483.0,320.0,8464,170.30999755859375,,,0,500.0,400.0,500,400.0,437.0,450.0,437,99.0,400.0,7292
FSE,,,1059307.25,2.0,1160000.0,11,1.0,700000.0,11,1470000.0,1.0,999000.0,12,1.0,650000.0,7,424890.125,,,0,,,0,975000.0,1.0,1580000.0,6,1.0,975000.0,2,424890.125,,,0,,,0,950000.0,1.0,1480000.0,5,2.0,650000.0,2
FUN,,,249000.0,10.0,249000.0,14,10.0,160000.0,10,150000.0,2.0,250000.0,2,,,0,59529.46875,,,0,,,0,165000.0,2.0,199000.0,4,,,0,59529.46875,,,0,,,0,150000.0,,,0,,,0
GAL,57.0,,308.510009765625,59.0,309.0,14580,300.0,162.0,6598,122.0,686.0,158.0,43231,400.0,123.0,5885,160.0,2319.0,150.0,9286,,,0,233.4900054931641,550.0,234.0,17522,202.0,175.0,4742,140.0,500.0,200.0,510,,,0,298.3699951171875,17215.0,300.0,89651,500.0,220.0,21081
GC,,,336.5199890136719,763.0,340.0,6260,747.0,265.0,12947,349.0,1008.0,349.0,2235,100.0,250.0,995,153.66000366210938,,,0,,,0,250.0,10.0,274.0,25343,720.0,250.0,2720,153.66000366210938,10.0,399.0,10,,,0,293.489990234375,2000.0,350.0,4404,886.0,280.0,1886
GCH,,,2100.0,3.0,14500.0,3,,,0,20000.0,,,0,,,0,20158.630859375,,,0,,,0,25000.0,1.0,8000.0,13,,,0,20158.630859375,,,0,,,0,8000.0,1.0,8000.0,8,,,0
GEN,,,163000.0,4.0,200000.0,24,,,0,80000.0,2.0,220000.0,7,,,0,250399.71875,,,0,,,0,270000.0,1.0,270000.0,4,1.0,165000.0,3,250399.71875,,,0,,,0,195000.0,5.0,200000.0,15,1.0,1.0,1
GIN,,,1580.0,95.0,1580.0,29635,112.0,1440.0,1890,1660.0,263.0,1650.0,8710,50.0,1400.0,50,1990.0,,,0,,,0,1590.0,97.0,1590.0,10762,949.0,1300.0,2749,2400.0,500.0,1900.0,610,500.0,1300.0,500,1400.0,45.0,1400.0,5783,30.0,1360.0,980
GL,,,400.0,2584.0,400.0,42651,30.0,335.0,121518,354.0,100.0,545.0,9431,200.0,355.0,104112,300.0,200.0,400.0,400,,,0,348.7200012207031,558.0,419.0,36299,953.0,330.0,124613,298.44000244140625,105.0,300.0,217,,,0,310.8399963378906,180.0,405.0,12501,76.0,255.0,110163
GNZ,,,8000.0,,,0,,,0,45000.0,6.0,45000.0,6,,,0,43005.87890625,,,0,,,0,1500.0,,,0,,,0,43005.87890625,,,0,,,0,43005.87890625,,,0,,,0
GRA,,,3360.0,2839.0,3360.0,3066,68.0,2870.0,4690,3800.0,281.0,3800.0,283,4.0,3750.0,1334,4200.0,,,0,,,0,3000.0,18.0,3000.0,8018,139.0,2810.0,2755,1267.97998046875,,,0,,,0,3093.93994140625,912.0,3290.0,2065,20.0,2630.0,2408
GRN,86.0,,314.0,938.0,314.0,64894,4349.0,310.0,6788,339.0,561.0,339.0,16828,12.0,277.0,7249,185.0,100.0,400.0,100,,,0,344.0,774.0,344.0,58905,698.0,301.0,16450,325.0,24.0,350.0,2201,965.0,325.0,965,242.0,2120.0,279.0,59259,9486.0,242.0,28819
GV,,,2040.0,85.0,2200.0,2809,79.0,2040.0,802,2100.0,10.0,2200.0,406,,,0,1032.550048828125,,,0,,,0,1900.0,25.0,2320.0,889,51.0,1900.0,1051,1032.550048828125,10.0,2440.0,10,,,0,2600.0,3.0,2750.0,107,200.0,1900.0,1700
GWS,,,5287697.0,,,0,1.0,7000000.0,1,5287697.0,,,0,,,0,5287697.0,,,0,,,0,5287697.0,,,0,,,0,5287697.0,,,0,,,0,5287697.0,,,0,,,0
H,50.0,,136.60000610351562,5195.0,138.0,209336,16.0,130.0,23966,115.0,6682.0,115.0,232184,60.0,112.0,145085,115.0,773.0,115.0,773,5000.0,100.0,10000,135.0,476.0,135.0,186178,1718.0,113.0,64728,105.0,2364.0,105.0,2364,4800.0,95.0,4800,112.0,9536.0,112.0,96736,40.0,110.0,168775
H2O,,,40.0,461705.0,40.0,2065845,847509.0,39.900001525878906,2417936,40.0,378591.0,40.0,1209910,373084.0,39.900001525878906,507317,40.0,4164.0,40.0,4164,1000.0,10.0,1000,40.0,69739.0,40.0,1684707,978312.0,39.900001525878906,1043673,41.0,400.0,41.0,5347,7255.0,40.0,17275,39.900001525878906,45000.0,39.79999923706055,1410053,600.0,35.20000076293945,1298478
HAB,,,140000.0,5.0,135000.0,11,,,0,125000.0,2.0,125000.0,6,,,0,53396.4609375,,,0,,,0,118000.0,5.0,117000.0,48,,,0,53396.4609375,,,0,,,0,109650.0,6.0,110000.0,14,,,0
HAL,75.0,,353.8699951171875,9880.0,398.0,71318,500.0,341.0,13975,410.0,635.0,400.0,69040,1000.0,330.0,11877,300.0,2450.0,300.0,2950,500.0,151.0,500,445.0,171.0,445.0,68704,160.0,310.0,26124,260.0,191.0,260.0,341,,,0,301.95001220703125,696.0,397.0,23150,488.0,300.0,13107
HAM,,,2820045.25,1.0,7000000.0,1,,,0,2820045.25,1.0,6900000.0,1,,,0,2820045.25,,,0,,,0,2820045.25,,,0,,,0,2820045.25,,,0,,,0,2820045.25,,,0,,,0
HCB,,,3480000.0,1.0,4000000.0,1,1.0,3100000.0,12,3800000.0,1.0,3870000.0,3,2.0,1000000.0,2,1697969.375,,,0,,,0,4000000.0,,,0,,,0,1697969.375,,,0,,,0,3895000.0,1.0,4000000.0,1,,,0
HCC,,,730.0,810.0,730.0,3870,4.0,701.0,14135,888.469970703125,608.0,900.0,744,5000.0,602.0,5000,640.0,,,0,,,0,749.0,1480.0,749.0,8345,1600.0,600.0,6320,620.0,100.0,800.0,100,,,0,699.0,1370.0,724.0,2653,1000.0,650.0,4000
HCP,88.0,,290.0,4283.0,330.0,113319,373.0,290.0,3473,300.0,241.0,359.0,41094,2359.0,300.0,13014,350.0,,,0,,,0,317.260009765625,11198.0,330.0,76960,60.0,320.0,16660,250.0,200.0,350.0,200,1000.0,300.0,1000,263.0,3517.0,309.0,47489,8577.0,263.0,41210
HD,,,2450.0,551.0,2700.0,2841,50.0,2500.0,220,2640.0,299.0,2640.0,2276,1.0,2000.0,1,1598.2900390625,50.0,4000.0,50,,,0,2650.0,62.0,2650.0,7513,400.0,2000.0,900,1598.2900390625,30.0,2800.0,30,,,0,2500.0,20.0,2500.0,2419,,,0
HE,75.0,,105.0,9757.0,114.0,55068,42.0,106.0,37477,112.0,6196.0,112.0,32804,17.0,100.0,3026,125.0,263.0,350.0,263,,,0,128.0,1906.0,128.0,283277,5949.0,88.0999984741211,135022,65.0,2371.0,90.0,5245,,,0,127.0,600.0,130.0,79247,100.0,100.0,1300
HE3,,,51.0,1000.0,370.0,25756,40.0,110.0,8162,330.0,3648.0,330.0,25272,74.0,275.0,510,400.0,,,0,15.0,350.0,15,291.0,1947.0,330.0,44002,800.0,256.0,9824,460.0,20.0,942.0,20,1000.0,220.0,1000,248.00999450683597,950.0,300.0,10913,1000.0,209.0,3418
HER,,,2700.0,189.0,2700.0,12154,6.0,2110.0,2051,2270.0,219.0,2270.0,10310,500.0,2010.0,3334,2000.0,,,0,,,0,2240.0,35.0,2240.0,31494,786.0,2000.0,4433,3250.0,350.0,2400.0,350,200.0,1750.0,200,2020.0,2.0,2200.0,16878,813.0,2020.0,8454
HEX,,,2000.0,13444.0,2000.0,20668,10.0,1000.0,10,2000.0,7156.0,2000.0,7199,10.0,1000.0,10,41.13999938964844,,,0,,,0,2000.0,3487.0,2000.0,3487,10.0,1000.0,10,41.13999938964844,,,0,,,0,41.13999938964844,1771.0,2000.0,1771,10.0,1000.0,10
HHP,,,5000.0,2.0,5000.0,72,,,0,3000.0,100.0,7000.0,100,,,0,3363.27001953125,,,0,,,0,250.0,675.0,4990.0,775,,,0,3363.27001953125,,,0,,,0,3363.27001953125,100.0,7000.0,100,,,0
HMS,,,1908.2900390625,605.0,1960.0,13733,22.0,1530.0,3976,1940.0,124.0,1940.0,8044,200.0,1710.0,1089,1950.0,1158.0,1950.0,2053,,,0,1900.0,216.0,1900.0,14635,13.0,1800.0,6809,2280.0,26.0,2280.0,526,,,0,2090.0,1821.0,2090.0,11850,5.0,1560.0,1400
HNZ,,,75000.0,,,0,,,0,99120.1015625,1.0,100000.0,2,,,0,99120.1015625,,,0,,,0,99120.1015625,,,0,,,0,99120.1015625,,,0,,,0,99120.1015625,,,0,,,0
HOG,,,7800.0,31.0,7800.0,91,27.0,7140.0,143,8000.0,14.0,7500.0,15,50.0,7000.0,55,3903.239990234375,,,0,,,0,7000.0,50.0,18000.0,50,50.0,6500.0,50,6500.0,20.0,7500.0,20,,,0,10000.0,37.0,10000.0,37,,,0
HOP,,,3000.0,420.0,3000.0,1716,97.0,2040.0,1559,2300.0,114.0,2250.0,458,486.0,2210.0,2288,2200.0,80.0,2400.0,80,,,0,2500.0,72.0,2860.0,3592,500.0,2350.0,2850,819.739990234375,,,0,,,0,1520.0,326.0,3000.0,2504,73.0,1520.0,837
HPC,,,26000.0,10.0,27000.0,30,10.0,25000.0,10,25964.2890625,1.0,32900.0,66,10.0,25000.0,20,13081.349609375,,,0,,,0,29600.0,1.0,29000.0,11,16.0,26000.0,57,13081.349609375,2.0,28000.0,2,,,0,27000.0,1.0,27000.0,10,5.0,26000.0,5
HPR,,,800000.0,3.0,800000.0,7,,,0,800000.0,3.0,800000.0,6,,,0,1750000.0,,,0,,,0,800000.0,3.0,800000.0,10,,,0,728695.4375,,,0,,,0,800000.0,1.0,800000.0,5,,,0
HSE,,,13545.26953125,92.0,13600.0,1567,17.0,13000.0,908,18000.0,16.0,18000.0,149,50.0,11000.0,51,12000.0,,,0,,,0,14000.0,85.0,14000.0,1185,1.0,13500.0,533,12000.0,,,0,30.0,5000.0,30,14000.0,20.0,14000.0,706,2.0,11500.0,178
HSS,,,3190.0,33.0,3190.0,3666,10.0,2560.0,787,2330.0,73.0,2330.0,1890,200.0,1850.0,431,2000.0,100.0,2100.0,2000,,,0,2380.0,208.0,2380.0,6036,100.0,2200.0,2539,2000.0,20.0,2400.0,290,,,0,2490.0,168.0,2490.0,4231,20.0,2300.0,418
HTE,,,3500000.0,1.0,4200000.0,4,1.0,1020000.0,2,3250000.0,1.0,4500000.0,2,,,0,1697055.625,,,0,,,0,4995000.0,,,0,,,0,1697055.625,,,0,,,0,4000000.0,1.0,5000000.0,1,,,0
HYR,,,1700000.0,2.0,1700000.0,9,,,0,1750000.0,1.0,1500000.0,3,,,0,1389100.25,,,0,,,0,1750000.0,1.0,1750000.0,6,,,0,1389100.25,,,0,,,0,1750000.0,1.0,1750000.0,6,1.0,1.0,1
I,,,802.1699829101562,25.0,1400.0,6806,317.0,750.0,317,511.0,15.0,950.0,1531,269.0,511.0,3629,1500.0,,,0,,,0,1015.3300170898438,424.0,1020.0,5914,1222.0,910.0,2750,300.0,20.0,1110.0,20,,,0,769.0,4.0,750.0,2415,408.0,450.0,908
IDC,11000.0,,11000.0,3005.0,11100.0,3015,100.0,11000.0,100,11000.0,352.0,11100.0,725,100.0,11000.0,100,10313.0595703125,,,0,,,0,11100.0,100.0,12100.0,434,700.0,11100.0,800,10313.0595703125,10.0,15400.0,10,,,0,11000.0,9.0,11100.0,509,100.0,11000.0,100
IMM,,,110000.0,1.0,110000.0,10,10.0,100000.0,10,68600.0,20.0,120000.0,50,,,0,68180.15625,,,0,,,0,110000.0,13.0,110000.0,21,8.0,100000.0,8,68180.15625,,,0,,,0,68180.15625,,,0,,,0
IND,,,4000.0,218.0,4000.0,740,62.0,3800.0,662,4859.68017578125,38.0,4840.0,555,148.0,3210.0,163,1977.280029296875,,,0,,,0,3828.5400390625,231.0,3850.0,2523,500.0,3010.0,1500,1977.280029296875,,,0,,,0,2260.0,100.0,4830.0,259,98.0,2260.0,270
INS,,,152.52000427246094,2268.0,153.0,489813,2780.0,138.0,194080,153.0,1447.0,153.0,180780,3430.0,140.0,140512,160.0,700.0,160.0,26837,,,0,165.0,1111.0,165.0,126068,200.0,150.0,166566,170.0,143.0,170.0,1322,,,0,171.5399932861328,552.0,173.0,88732,1100.0,150.0,138435
JUI,,,1.0,1.0,98000.0,2,,,0,1.0,29.0,100000.0,309,,,0,1098.260009765625,280.0,100000.0,280,,,0,1.0,1.0,99000.0,1,1.0,1.0,1,1098.260009765625,,,0,,,0,30000.0,119.0,30000.0,122,,,0
KOM,,,900.0,243.0,900.0,9349,6.0,878.0,14771,899.0,1239.0,899.0,12909,50.0,845.0,4243,999.0,292.0,999.0,1292,500.0,750.0,500,889.0,2344.0,889.0,40188,500.0,851.0,17548,1000.0,1000.0,1000.0,1000,50.0,600.0,50,780.0,30.0,780.0,41594,269.0,740.0,17344
KR,,,500.0,30.0,418.0,1760,,,0,240.0,84.0,240.0,6238,,,0,133.3300018310547,320.0,500.0,320,,,0,418.0,360.0,418.0,8720,,,0,133.3300018310547,,,0,,,0,420.0,199.0,420.0,7472,500.0,150.0,500
KRE,,,14000.0,66.0,25000.0,66,99.0,14000.0,99,40000.0,,,0,100.0,17000.0,100,15410.6201171875,,,0,,,0,40000.0,55.0,35000.0,135,,,0,15410.6201171875,,,0,,,0,15410.6201171875,,,0,,,0
KV,,,26292.859375,15.0,31400.0,1207,28.0,26000.0,353,30947.220703125,6.0,29000.0,223,100.0,25200.0,425,2000.0,,,0,,,0,28774.060546875,30.0,28700.0,658,184.0,27900.0,1035,13533.4599609375,10.0,34000.0,10,,,0,25200.0,52.0,28900.0,214,82.0,25200.0,293
LBH,,,4670.0,145.0,4670.0,6158,10.0,4500.0,3230,4740.0,20.0,4740.0,780,80.0,3810.0,703,4500.0,,,0,,,0,4620.0,99.0,5010.0,2839,16.0,4620.0,1917,5400.0,1.0,5400.0,301,10.0,4500.0,10,4840.0,10.0,4840.0,2496,174.0,3970.0,317
LC,,,6200.0,35.0,6200.0,1505,5.0,4640.0,247,4200.0,500.0,4750.0,2539,,,0,3176.93994140625,24.0,9000.0,64,,,0,4207.14990234375,2.0,4990.0,3687,496.0,4200.0,496,3176.93994140625,10.0,5000.0,95,,,0,5280.0,713.0,5280.0,3705,12.0,4600.0,22
LCB,,,700000.0,1.0,950000.0,2,1.0,650000.0,10,732000.0,1.0,1000000.0,2,1.0,800000.0,1,330133.84375,,,0,,,0,725000.0,5.0,725000.0,12,1.0,310000.0,3,330133.84375,,,0,,,0,950000.0,1.0,1000000.0,1,1.0,650000.0,1
LCR,,,1840.0,22.0,5400.0,71,106.0,1840.0,229,1800.0,,,0,10.0,1800.0,10,2948.300048828125,,,0,,,0,4000.0,39.0,3900.0,349,20.0,1800.0,20,2948.300048828125,,,0,,,0,1800.0,,,0,10.0,1800.0,10
LD,,,12000.0,32.0,12000.0,32,5.0,11000.0,839,11900.0,21.0,11900.0,310,40.0,7800.0,40,5092.5,,,0,,,0,10000.0,80.0,12300.0,175,87.0,10000.0,237,5092.5,,,0,,,0,10000.0,,,0,,,0
LDE,,,11200.0,5.0,11200.0,1603,6.0,10600.0,1534,13100.0,20.0,12000.0,271,100.0,9500.0,729,10000.0,,,0,,,0,11000.0,34.0,11200.0,4022,95.0,9920.0,2698,11400.0,10.0,11400.0,210,10.0,6500.0,10,10000.0,60.0,11300.0,701,71.0,10000.0,873
LDI,,,550.0,168.0,500.0,2910,1941.0,102.0,2441,425.0,192.0,645.0,4381,1.0,325.0,1,282.5799865722656,,,0,,,0,458.1199951171875,165.0,432.0,10199,200.0,430.0,1200,375.0,20.0,740.0,20,,,0,678.0,752.0,678.0,1052,100.0,550.0,100
LES,,,1980.0,162.0,1980.0,2174,12.0,900.0,2212,1180.0,3.0,1400.0,436,395.0,900.0,585,228.57000732421875,50.0,1500.0,150,,,0,1275.699951171875,31.0,1280.0,7570,500.0,900.0,1079,228.57000732421875,,,0,,,0,1500.0,260.0,1430.0,646,,,0
LFE,,,165500.0,,,0,10.0,155000.0,20,172000.0,3.0,172000.0,17,10.0,150000.0,10,75255.75,,,0,,,0,181500.0,2.0,181000.0,20,10.0,150000.0,11,75255.75,,,0,,,0,179000.0,1.0,182000.0,45,10.0,150000.0,12
LFL,,,469000.0,1.0,469000.0,9,1.0,250000.0,1,387000.0,1.0,349000.0,19,2.0,240000.0,2,122472.078125,,,0,,,0,350000.0,1.0,340000.0,12,1.0,250000.0,1,122472.078125,,,0,,,0,442000.0,1.0,441000.0,3,1.0,250000.0,1
LFP,,,15000.0,,,0,55.0,3570.0,88,9000.0,21.0,9000.0,25,18.0,3000.0,18,7366.35009765625,,,0,,,0,9000.0,,,0,,,0,7366.35009765625,,,0,4.0,10000.0,4,7000.0,,,0,,,0
LHP,,,3380.0,64.0,3380.0,5596,65.0,2600.0,2932,3500.0,87.0,3500.0,1713,138.0,2810.0,163,3600.0,61.0,3600.0,1411,,,0,3540.0,267.0,3540.0,5077,100.0,3310.0,1307,3000.0,8.0,3000.0,164,,,0,3010.0,242.0,3450.0,2320,136.0,3000.0,518
LI,,,2200.0,336.0,2200.0,8046,100.0,1920.0,6317,2100.0,368.0,2200.0,368,500.0,2020.0,5361,1200.0,,,0,,,0,2030.0,479.0,2250.0,2726,260.0,2030.0,6768,472.2900085449219,100.0,2190.0,100,,,0,1950.0,538.0,1950.0,1327,920.0,1810.0,6410
LIO,,,494.0,50.0,490.0,20709,2000.0,350.0,4604,466.2000122070313,200.0,465.0,2136,105.0,300.0,1452,200.0,,,0,,,0,420.0,1857.0,420.0,5934,400.0,300.0,15305,68.5999984741211,,,0,100.0,100.0,100,400.0,5675.0,445.0,6595,500.0,350.0,2435
LIS,450000.0,,475000.0,10.0,475000.0,12,5.0,451000.0,105,450000.0,4.0,499000.0,6,2.0,451000.0,102,255694.21875,,,0,,,0,451000.0,14.0,475000.0,20,1.0,451000.0,101,255694.21875,,,0,,,0,450000.0,15.0,475000.0,15,100.0,450000.0,100
LIT,,,16000.0,2.0,18000.0,361,,,0,19900.0,398.0,19900.0,869,,,0,13529.1103515625,,,0,,,0,18900.0,34.0,18600.0,296,,,0,13529.1103515625,,,0,,,0,14500.0,100.0,19600.0,1800,,,0
LOG,68000.0,,68100.0,169.0,68100.0,226,100.0,68000.0,120,68000.0,48.0,68100.0,101,100.0,68000.0,107,65000.0,,,0,,,0,69437.5,27.0,69700.0,383,352.0,68100.0,452,28013.400390625,1.0,69700.0,1,,,0,68000.0,10.0,68100.0,20,100.0,68000.0,120
LSE,,,9900.0,63.0,9890.0,2823,10.0,9760.0,2106,9860.0,8.0,9870.0,1540,8.0,9130.0,1047,9000.0,25.0,10000.0,81,,,0,9680.0,34.0,9650.0,2863,1.0,9110.0,3100,10300.0,146.0,10300.0,280,10.0,8000.0,10,9370.0,119.0,9370.0,1196,51.0,8810.0,626
LSL,,,415000.0,1.0,497000.0,3,,,0,300000.0,1.0,489000.0,6,,,0,204785.046875,,,0,,,0,420000.0,4.0,480000.0,4,,,0,204785.046875,,,0,,,0,500000.0,1.0,400000.0,2,,,0
LST,,,160.0,575.0,210.0,23938,638.0,160.0,52252,199.0,1507.0,199.0,7437,217.0,137.0,85271,120.0,183.0,150.0,2737,,,0,170.0,751.0,170.0,45154,154.0,156.0,43852,110.0,1423.0,110.0,13466,2029.0,100.0,2029,280.0,3454.0,280.0,8362,100.0,150.0,37587
LTA,,,4665.0,22.0,4690.0,1945,4.0,4300.0,1382,4450.0,336.0,4450.0,888,100.0,3320.0,1432,3800.0,15.0,3800.0,215,,,0,4110.0,537.0,4110.0,2275,3.0,4060.0,1445,3800.0,137.0,3800.0,221,10.0,3500.0,10,4580.0,12.0,4580.0,974,96.0,3400.0,394
LU,,,135000.0,2.0,149000.0,3,,,0,80000.0,,,0,,,0,62066.01953125,,,0,,,0,120000.0,,,0,13.0,90100.0,52,62066.01953125,,,0,,,0,140000.0,,,0,,,0
MAG,,,326.0,133.0,400.0,6283,598.0,326.0,1390,349.0,21.0,349.0,534,169.0,121.0,269,117.5500030517578,14.0,300.0,14,,,0,250.0,40.0,250.0,3220,500.0,170.0,3100,117.5500030517578,10.0,350.0,10,,,0,104.0,36.0,350.0,551,364.0,104.0,464
MAI,86.0,,290.7300109863281,4038.0,325.0,77915,9948.0,290.0,11082,340.0,7545.0,340.0,22481,2000.0,301.0,6829,400.0,40.0,400.0,40,,,0,350.0,203.0,350.0,45224,1454.0,333.0,17267,300.0,100.0,380.0,100,939.0,300.0,939,300.0,2754.0,309.0,26382,220.0,300.0,6020
MB,,,8985.400390625,250.0,10000.0,1600,100.0,8000.0,883,8632.009765625,3.0,9000.0,123,1000.0,7510.0,1081,8000.0,,,0,,,0,8400.0,30.0,8400.0,883,1000.0,7260.0,1503,8400.0,,,0,,,0,625.0,,,0,,,0
MCB,,,349000.0,1.0,400000.0,1,,,0,380000.0,1.0,379000.0,2,,,0,166644.328125,,,0,1.0,175000.0,1,325000.0,1.0,320000.0,6,,,0,166644.328125,,,0,,,0,350000.0,,,0,1.0,275000.0,1
MCG,12.0,39.0,38.79999923706055,2850.0,38.79999923706055,20812,415.0,35.099998474121094,346647,35.0,1495.0,34.900001525878906,105666,160.0,34.0,99400,34.0,1728.0,34.0,7606,100.0,30.0,980,38.900001525878906,768.0,38.900001525878906,5308,177.0,35.20000076293945,193407,36.0,838.0,36.0,11324,1635.0,28.0,8462,38.900001525878906,17826.0,38.900001525878906,17926,48.0,31.0,36767
MEA,,,4070.0,949.0,4070.0,16355,33.0,3120.0,3235,3490.0,460.0,3400.0,7204,1000.0,3010.0,4821,5000.0,50.0,4000.0,70,,,0,3067.830078125,121.0,3500.0,37770,50.0,3000.0,3050,5000.0,20.0,3900.0,20,,,0,2880.0,40.0,3290.0,16333,848.0,2880.0,2791
MED,,,1300.0,538.0,1300.0,17149,22.0,1220.0,5432,1510.0,2500.0,1500.0,10594,100.0,1220.0,1712,2000.0,,,0,,,0,1380.0,1638.0,1380.0,7515,20.0,1240.0,6683,1400.0,31.0,1400.0,774,25.0,1000.0,25,1310.0,550.0,1310.0,5240,84.0,1250.0,2584
MFE,,,95000.0,5.0,99000.0,28,2.0,86700.0,9,92000.0,14.0,92000.0,33,2.0,60000.0,2,43953.23046875,,,0,,,0,91900.0,2.0,91900.0,100,4.0,60000.0,4,43953.23046875,,,0,,,0,91000.0,13.0,91000.0,81,2.0,2.0,2
MFK,,,299.0,323.0,299.0,18461,50.0,293.0,124402,320.0,177.0,320.0,8427,250.0,276.0,104912,220.0,,,0,1.0,22.0,1,322.0,855.0,322.0,45735,1509.0,280.0,132117,200.0,21.0,200.0,934,,,0,319.0,904.0,319.0,5746,4208.0,275.0,118420
MFL,,,237000.0,1.0,237000.0,3,,,0,300000.0,1.0,160000.0,3,,,0,61608.8515625,,,0,,,0,229000.0,1.0,229000.0,17,,,0,61608.8515625,,,0,,,0,298000.0,1.0,298000.0,3,,,0
MG,,,105.51000213623048,5208.0,119.0,85143,93.0,86.0,63009,89.19000244140625,12592.0,90.0,62391,5178.0,80.0,50735,60.0,,,0,,,0,105.0,8669.0,105.0,257542,139.0,89.0,90737,85.0,1230.0,80.0,1285,,,0,113.0,3008.0,113.0,18700,1221.0,90.0,10664
MGC,,,16000.0,41.0,16000.0,111,,,0,14000.0,26.0,14000.0,34,,,0,8497.3798828125,,,0,,,0,20000.0,84.0,20000.0,99,,,0,8497.3798828125,27.0,20000.0,27,,,0,15000.0,2.0,15000.0,2,,,0
MGS,,,179.0,750.0,179.0,76901,1039.0,158.0,14433,300.0,1746.0,349.0,1814,50.0,120.0,5371,130.0,528.0,130.0,13420,,,0,248.0,335.0,248.0,11704,1946.0,145.0,4046,100.0,409.0,150.0,1330,10.0,100.0,10,450.0,1795.0,450.0,1795,10.0,300.0,1708
MHL,,,5640.0,6.0,5600.0,3477,250.0,4350.0,1990,5930.10986328125,4.0,5900.0,397,10.0,3810.0,310,2700.0,,,0,,,0,4020.0,16.0,4570.0,3980,86.0,4020.0,2684,3000.0,1.0,4900.0,134,,,0,3700.0,11.0,4880.0,2622,9.0,2640.0,56
MHP,,,5828.56005859375,68.0,6000.0,68,43.0,4590.0,580,4286.33984375,1.0,6500.0,1,,,0,2091.989990234375,166.0,4800.0,2216,,,0,5000.0,14.0,5000.0,107,,,0,2091.989990234375,10.0,5000.0,110,,,0,4800.0,113.0,4800.0,113,80.0,3000.0,80
MLI,,,29108.330078125,5.0,29900.0,11,51.0,25000.0,407,22000.0,,,0,4.0,17000.0,54,10185.0,,,0,,,0,25000.0,52.0,25000.0,74,25.0,24000.0,429,10185.0,,,0,,,0,22000.0,9.0,30000.0,9,,,0
MPC,,,1734.6199951171875,27.0,1740.0,3796,418.0,1600.0,3018,1620.0,50.0,1950.0,1243,1.0,1600.0,651,655.6900024414062,,,0,,,0,1710.0,105.0,1820.0,1535,300.0,1710.0,2520,400.0,10.0,2600.0,10,,,0,1680.0,500.0,2000.0,500,,,0
MSL,,,189000.0,2.0,190000.0,13,1.0,163000.0,4,222000.0,1.0,224000.0,2,1.0,100000.0,1,82878.2578125,,,0,1.0,90000.0,1,195000.0,1.0,194000.0,15,1.0,180000.0,4,82878.2578125,,,0,,,0,218000.0,1.0,218000.0,2,,,0
MTC,,,1000.0,14.0,2400.0,14,,,0,2000.0,20.0,350.0,1755,,,0,446.2900085449219,,,0,,,0,369.0,250.0,369.0,1224,30.0,0.5,30,446.2900085449219,,,0,,,0,360.0,,,0,,,0
MTP,,,1000.0,1574.0,1800.0,11910,,,0,1640.0,227.0,1640.0,10453,,,0,3000.0,,,0,,,0,1300.0,934.0,1880.0,30700,886.0,1300.0,2886,1019.3400268554688,,,0,,,0,1500.0,167.0,1800.0,12783,,,0
MUS,,,255.2899932861328,5715.0,290.0,58119,1000.0,251.0,11243,298.0,492.0,298.0,14275,300.0,242.0,6284,170.35000610351562,,,0,,,0,349.0,415.0,349.0,25132,9310.0,300.0,11009,170.35000610351562,,,0,,,0,310.0,3417.0,310.0,35191,54.0,261.0,13630
MWF,,,200.0,489.0,399.0,4641,4.0,283.0,102106,398.0,100.0,350.0,1684,100000.0,1.0,100000,300.0,,,0,,,0,275.0,300.0,350.0,6500,100.0,275.0,104300,186.97999572753903,100.0,410.0,100,,,0,500.0,319.0,499.0,4269,100.0,30.0,100100
N,,,125.0,43741.0,125.0,200222,192899.0,124.0,304225,125.0,13572.0,125.0,44633,400.0,80.0,11487,130.0,213.0,130.0,213,1000.0,100.0,1500,115.0,11467.0,115.0,123473,5000.0,101.0,44179,90.0,107.0,97.0,107,900.0,90.0,900,125.0,5410.0,125.0,54530,1779.0,96.0,51159
,25.0,,25.0,5755.0,25.100000381469727,279235,100.0,25.0,100,37.25,68.0,50.0,2147,800.0,25.100000381469727,900,25.100000381469727,500.0,25.100000381469727,1000,412.0,1.100000023841858,5546,25.0,5550.0,25.100000381469727,124039,100.0,25.0,100,1.0,42.0,16.0,2441,4871.0,1.0,4871,25.0,44553.0,25.100000381469727,115598,100.0,25.0,100
NAB,,,116.66999816894533,,,0,3000.0,100.0,3000,148.0,,,0,5000.0,100.0,6630,150.0,62.0,150.0,62,,,0,125.0,719.0,125.0,13349,3000.0,100.0,13409,70.0,980.0,140.0,980,180.0,70.0,180,135.0,385.0,135.0,979,,,0
NCS,,,53.900001525878906,9809.0,53.900001525878906,120564,70.0,42.0,78136,38.0,20754.0,39.0,73132,10000.0,20.0,10000,90.0,992.0,90.0,1992,,,0,39.0,2453.0,39.0,729833,5000.0,38.0,183851,50.0,3450.0,50.0,3455,,,0,39.0,34940.0,39.0,295481,5289.0,27.0,5289
NE,150.0,,226.0,80296.0,300.0,88355,697.0,226.0,4305,488.0,103.0,488.0,3870,40.0,260.0,1390,300.0,,,0,,,0,275.0799865722656,207.0,279.0,12663,1108.0,244.0,5458,300.0,148.0,300.0,148,,,0,213.0,6000.0,212.0,101933,100.0,200.0,3048
NF,,,10800.0,10.0,10300.0,14,,,0,10400.0,,,0,,,0,5092.5,,,0,,,0,10400.0,36.0,14000.0,89,23.0,10400.0,23,5092.5,,,0,,,0,8000.0,,,0,,,0
NFI,,,18.899999618530277,12000.0,18.899999618530277,131979,6000.0,16.700000762939453,454467,18.06999969482422,1000.0,25.0,26552,227378.0,15.0,357378,15.0,1000.0,20.0,1000,1000.0,8.0,1000,22.0,1485.0,22.0,143356,133685.0,20.0,430305,18.0,9000.0,18.0,19000,1200.0,10.0,1200,50.0,4320.0,50.0,4332,50000.0,20.0,250000
NG,,,1000.0,14.0,950.0,1075,242.0,816.0,342,650.0,515.0,1070.0,3345,,,0,950.0,100.0,1300.0,100,,,0,969.0,189.0,969.0,6137,295.0,880.0,1520,780.8099975585938,50.0,930.0,60,,,0,1000.0,15.0,1000.0,1347,200.0,655.0,210
NL,,,7780.0,117.0,7790.0,1270,13.0,6000.0,1755,6000.0,69.0,6000.0,1324,50.0,5020.0,953,5000.0,,,0,,,0,6590.0,159.0,6590.0,4331,30.0,5590.0,2544,5000.0,10.0,5960.0,10,,,0,5070.0,148.0,7000.0,1024,92.0,5060.0,592
NN,,,59000.0,5.0,59000.0,79,100.0,58000.0,419,57000.0,,,0,71.0,57000.0,291,30000.0,,,0,,,0,58000.0,10.0,58800.0,21,30.0,58000.0,218,29292.80078125,,,0,,,0,50000.0,,,0,100.0,57000.0,100
NOZ,,,16000.0,,,0,50.0,10000.0,50,35000.0,6.0,40000.0,6,,,0,43539.53125,,,0,,,0,40000.0,,,0,10.0,11000.0,10,43539.53125,,,0,,,0,43539.53125,,,0,,,0
NR,,,434.0,79086.0,434.0,79086,5000.0,380.0,45450,380.0,775.0,370.0,15088,10000.0,362.0,30900,350.0,500.0,600.0,500,,,0,407.0,1807.0,407.0,161091,10000.0,363.0,60000,197.2100067138672,,,0,,,0,339.0,10809.0,420.0,31053,9026.0,339.0,46227
NS,,,325.0,1265.0,325.0,51443,500.0,300.0,16374,300.0,1390.0,300.0,30077,120.0,260.0,2982,250.0,,,0,,,0,348.0,6898.0,348.0,55174,200.0,300.0,18420,342.0,1377.0,345.0,1760,,,0,500.0,2000.0,550.0,11473,550.0,500.0,9619
NST,,,1790.0,1837.0,1790.0,2373,162.0,1220.0,165,1590.0,740.0,1590.0,1378,300.0,1210.0,300,1200.0,16.0,2500.0,16,,,0,1590.0,37.0,1550.0,2894,188.0,1240.0,988,1339.1300048828125,10.0,1570.0,212,,,0,1590.0,31.0,1590.0,837,20.0,1350.0,188
NUT,88.0,,306.0,236.0,360.0,6918,467.0,306.0,8333,255.0,52.0,359.0,5104,184.0,260.0,2896,250.0,10.0,300.0,10,,,0,370.0,67.0,376.0,14078,4457.0,370.0,19335,275.0,,,0,996.0,275.0,996,340.0,680.0,340.0,4935,373.0,300.0,18580
NV1,135000.0,,140000.0,2.0,140000.0,30,1.0,136000.0,101,172000.0,1.0,190000.0,10,5.0,136000.0,105,93389.109375,,,0,,,0,135000.0,1.0,139000.0,8,100.0,135000.0,100,93389.109375,,,0,,,0,135000.0,32.0,136000.0,40,100.0,135000.0,100
NV2,,,201428.5625,4.0,249000.0,30,100.0,200000.0,100,200000.0,1.0,350000.0,1,100.0,200000.0,100,129928.8828125,,,0,,,0,200000.0,15.0,250000.0,28,100.0,200000.0,100,129928.8828125,,,0,,,0,375000.0,9.0,375000.0,9,20.0,201000.0,120
O,,,97.9000015258789,1937.0,97.9000015258789,234771,842.0,83.19999694824219,58542,134.0,4269.0,134.0,29583,5.0,120.0,20311,110.0,867.0,110.0,2286,100.0,100.0,10902,112.0,46135.0,112.0,406691,100.0,102.0,84389,95.0,200.0,95.0,7403,1707.0,75.0,6707,124.0,12929.0,124.0,222793,4117.0,100.0,42460
OFF,,,111.0,1040.0,111.0,30655,7465.0,99.0,48615,104.0,970.0,104.0,7203,960.0,85.0,20023,120.0,,,0,,,0,111.3499984741211,1500.0,113.0,38067,4000.0,94.0,31321,100.0,1199.0,100.0,1199,,,0,116.0,560.0,116.0,40641,10.0,100.0,43655
OLF,,,1500.0,150.0,2000.0,889,1074.0,1500.0,4600,2000.0,282.0,2000.0,282,,,0,949.47998046875,,,0,,,0,1100.0,8.0,2000.0,8,170.0,1100.0,664,949.47998046875,,,0,,,0,1100.0,,,0,451.0,1100.0,983
OS,,,46000.0,24.0,46000.0,523,10.0,45000.0,32,45000.0,1.0,50000.0,12,,,0,45000.0,,,0,,,0,47000.0,118.0,47000.0,126,10.0,45000.0,57,30207.76953125,,,0,,,0,55000.0,16.0,50000.0,16,,,0
OVE,,,126.0,980.0,136.0,33576,66.0,126.0,20780,124.0,269.0,124.0,27394,120.0,115.0,50889,125.0,4076.0,125.0,7076,648.0,101.0,1248,144.0,1555.0,144.0,26245,100.0,138.0,27175,128.3000030517578,665.0,130.0,11253,,,0,140.0,905.0,140.0,22884,4957.0,115.0,38897
PBU,,,20000.0,30.0,20000.0,130,12.0,17300.0,31,19500.0,80.0,19500.0,280,5.0,16000.0,5,8070.330078125,,,0,,,0,20000.0,13.0,20000.0,213,30.0,17500.0,66,8070.330078125,,,0,5.0,10000.0,5,20000.0,79.0,20000.0,339,6.0,17000.0,176
PCB,,,2350.0,129.0,2440.0,4485,4850.0,2350.0,4850,2500.0,100.0,2450.0,2105,1000.0,2030.0,3600,2300.0,,,0,,,0,2080.0,70.0,2470.0,2944,475.0,2080.0,2657,801.7100219726562,30.0,3390.0,30,,,0,2670.0,35.0,2670.0,1008,1000.0,1830.0,1431
PDA,,,2500.0,163.0,2500.0,4517,84.0,2350.0,426,2690.0,3.0,2690.0,1202,100.0,2400.0,349,3000.0,62.0,3000.0,62,50.0,2200.0,50,2300.0,96.0,2300.0,3845,100.0,2100.0,568,6000.0,50.0,2400.0,359,,,0,2870.0,59.0,2860.0,1268,97.0,2010.0,297
PE,,,9.020000457763672,36215.0,9.899999618530272,3192560,950.0,9.020000457763672,1102812,9.100000381469728,2500.0,9.199999809265137,3772784,450147.0,9.100000381469728,1945084,12.0,53.0,12.0,53,,,0,9.1899995803833,107002.0,10.5,4834723,1000.0,9.210000038146973,2880711,12.5,10000.0,11.0,24550,,,0,8.5600004196167,300.0,9.300000190734863,2071568,100000.0,8.550000190734863,733406
PFE,,,927.8300170898438,240.0,1500.0,240,300.0,600.0,3037,450.0,15.0,1090.0,25,300.0,600.0,820,900.0,300.0,825.0,300,,,0,1380.0,280.0,1200.0,1426,100.0,200.0,100,500.0,20.0,899.0,20,309.0,500.0,309,300.0,270.0,1150.0,270,310.0,300.0,310
PFG,,,1968333.25,,,0,2.0,2200000.0,6,1968333.25,,,0,,,0,1968333.25,,,0,,,0,5000000.0,,,0,,,0,1968333.25,,,0,,,0,1968333.25,,,0,,,0
PG,,,50.0,20531.0,50.0,1063973,3000.0,45.59999847412109,278444,46.0,10301.0,46.0,493208,9295.0,44.0,142737,55.0,10000.0,46.0,14082,,,0,47.900001525878906,19200.0,47.79999923706055,826983,1000.0,43.59999847412109,841538,50.0,,,0,,,0,41.5,234.0,54.5,61584,17468.0,41.5,258255
PIB,,,700.0,1312.0,700.0,1812,11.0,420.0,569,1450.0,28.0,1450.0,228,419.0,200.0,419,548.4000244140625,2000.0,700.0,2000,,,0,700.0,749.0,690.0,3190,100.0,150.0,100,548.4000244140625,2000.0,700.0,2000,,,0,700.0,1011.0,700.0,1087,13.0,100.0,13
PK,,,450.0,65.0,475.0,2313,1430.0,450.0,1430,999.0,364.0,999.0,1718,,,0,832.27001953125,,,0,,,0,600.0,500.0,950.0,933,1000.0,450.0,1000,832.27001953125,,,0,,,0,1350.0,312.0,980.0,594,,,0
POW,6000.0,,13000.0,72.0,13500.0,334,100.0,6000.0,100,14900.0,90.0,15000.0,371,100.0,10000.0,200,9500.0,,,0,,,0,13027.7802734375,300.0,13700.0,540,100.0,10000.0,300,15400.0,,,0,,,0,14500.0,160.0,14500.0,212,100.0,9000.0,241
PPA,,,306.0,2020.0,340.0,4641,609.0,306.0,9430,100.0,12.0,500.0,12,65.0,150.0,65,300.0,,,0,,,0,348.0,170.0,347.0,6681,741.0,300.0,841,100.0,,,0,1000.0,220.0,1000,190.0,8.0,230.0,643,1390.0,190.0,1390
PSH,,,10000.0,40.0,10300.0,4813,100.0,8000.0,1200,9500.0,13.0,9500.0,227,,,0,3810.2099609375,,,0,,,0,8000.0,33.0,12000.0,8033,32.0,9500.0,32,3810.2099609375,32.0,13000.0,32,,,0,9500.0,16.0,9500.0,29,,,0
PSL,,,4400.0,94.0,4400.0,1256,12.0,3820.0,838,4790.0,11.0,4790.0,90,76.0,3300.0,307,4500.0,,,0,,,0,4890.0,350.0,4880.0,4929,388.0,4000.0,1920,6000.0,84.0,6000.0,84,,,0,5310.0,60.0,4200.0,744,48.0,3500.0,81
PSM,,,2630.840087890625,49.0,2650.0,537,200.0,2400.0,2501,2300.0,10.0,2500.0,586,400.0,2010.0,2764,2500.0,,,0,,,0,2600.0,100.0,2500.0,3870,1000.0,2460.0,2370,1299.199951171875,35.0,3000.0,35,,,0,1520.0,74.0,2750.0,470,60.0,1510.0,653
PSS,,,1260.0,41.0,1300.0,5121,334.0,1260.0,4324,1250.0,32.0,1250.0,32,457.0,1200.0,957,450.0,,,0,,,0,1350.0,716.0,1350.0,7251,500.0,1250.0,5130,649.5999755859375,100.0,1600.0,100,,,0,1000.0,16.0,1400.0,38,1000.0,1100.0,2520
PT,,,552.0,891.0,552.0,16795,59.0,521.0,7806,511.0,1394.0,511.0,9303,233.0,491.0,4185,480.0,915.0,480.0,2136,,,0,486.0,536.0,518.0,31890,681.0,486.0,11119,550.0,242.0,550.0,242,13.0,450.0,13,514.0,1635.0,514.0,39949,260.0,490.0,12604
PWO,,,309.0,800.0,329.0,37623,26.0,309.0,11974,310.0,3388.0,310.0,13935,10.0,300.0,5142,290.0,538.0,290.0,7076,,,0,324.0,384.0,324.0,22689,19.0,322.0,11514,330.0,360.0,330.0,5501,50.0,300.0,150,340.0,348.0,340.0,34793,53.0,330.0,23256
QCR,,,900000.0,2.0,1250000.0,10,1.0,700000.0,1,880000.0,1.0,889000.0,7,1.0,760000.0,2,850000.0,,,0,,,0,950000.0,1.0,959000.0,6,1.0,900000.0,2,363299.75,,,0,,,0,1090000.0,1.0,970000.0,4,1.0,500000.0,1
RAD,,,15500.0,100.0,17000.0,592,9.0,15500.0,397,14100.0,,,0,13.0,14100.0,44,3698.6201171875,,,0,,,0,12000.0,164.0,15500.0,588,29.0,12000.0,229,3698.6201171875,10.0,14500.0,10,,,0,13000.0,64.0,19000.0,64,,,0
RAG,,,600000.0,1.0,700000.0,3,1.0,510000.0,2,600000.0,,,0,,,0,258128.515625,,,0,,,0,600000.0,1.0,900000.0,1,1.0,600000.0,2,258128.515625,,,0,,,0,580000.0,,,0,,,0
RAM,,,2100.0,126.0,2900.0,1623,1000.0,2500.0,1433,2750.0,150.0,2500.0,366,1.0,2000.0,21,1237.0899658203125,,,0,,,0,2898.139892578125,202.0,2950.0,1487,168.0,2500.0,368,1600.0,10.0,3000.0,10,,,0,2880.0,722.0,2880.0,1385,,,0
RAT,32.0,176.0,173.0,1374.0,173.0,226498,100.0,168.0,267791,172.0,107.0,171.0,60189,2200.0,157.0,392607,166.0,,,0,9990.0,145.0,15091,173.0,173.0,173.0,391592,60.0,166.0,779638,145.0,230.0,150.0,7608,338.0,145.0,3297,157.0,11039.0,160.0,530836,50.0,158.0,623715
RBH,,,15900.0,53.0,15900.0,1694,50.0,15300.0,1323,15100.0,28.0,16500.0,311,135.0,15100.0,236,19500.0,1.0,19500.0,11,,,0,17200.0,3.0,17100.0,2319,120.0,16000.0,1104,7924.009765625,40.0,25000.0,40,,,0,15900.0,17.0,15800.0,985,149.0,15100.0,249
RCO,400.0,,1090.0,223.0,1090.0,9495,80.0,939.0,923,1200.0,531.0,1250.0,2768,3.0,1200.0,1804,600.0,,,0,,,0,951.0,2.0,1190.0,9422,164.0,951.0,2464,1000.0,7.0,1450.0,7,100.0,920.0,1009,1080.0,28.0,1000.0,6618,9.0,980.0,1943
RCS,,,180000.0,6.0,170000.0,9,8.0,160000.0,8,195000.0,1.0,400000.0,1,,,0,93545.6015625,,,0,,,0,180000.0,,,0,,,0,93545.6015625,,,0,,,0,210000.0,,,0,,,0
RCT,,,999000.0,1.0,999000.0,6,,,0,1200000.0,,,0,1.0,750000.0,4,1000000.0,,,0,,,0,1080000.0,1.0,1090000.0,3,2.0,1000000.0,2,354702.8125,,,0,,,0,1200000.0,1.0,1100000.0,2,,,0
RDE,,,31900.0,20.0,31700.0,921,5.0,25100.0,205,35800.0,100.0,34900.0,457,6.0,28000.0,110,32500.0,2.0,27000.0,22,,,0,27700.0,49.0,33000.0,797,26.0,27700.0,725,14309.6298828125,40.0,35000.0,40,,,0,33300.0,18.0,33200.0,159,8.0,28000.0,175
RDL,,,1000000.0,1.0,1180000.0,3,5.0,400000.0,5,800000.0,1.0,1400000.0,2,,,0,378604.3125,,,0,,,0,1500000.0,1.0,1500000.0,1,,,0,378604.3125,,,0,,,0,610000.0,1.0,1500000.0,1,,,0
RDS,,,310000.0,,,0,,,0,310000.0,,,0,1.0,775000.0,1,207901.15625,,,0,,,0,300000.0,,,0,,,0,207901.15625,,,0,,,0,310000.0,,,0,,,0
RE,,,632.5999755859375,,,0,,,0,632.5999755859375,,,0,,,0,632.5999755859375,,,0,,,0,632.5999755859375,,,0,,,0,632.5999755859375,,,0,,,0,632.5999755859375,,,0,,,0
REA,,,715.0,200.0,725.0,31064,1000.0,650.0,8173,1240.0,80.0,900.0,1856,80.0,579.0,80,500.0,100.0,1000.0,117,14.0,500.0,14,809.0,130.0,808.0,4983,500.0,677.0,14477,300.0,600.0,900.0,600,,,0,1200.0,238.0,1200.0,238,192.0,700.0,1092
RED,,,60000.0,10.0,70000.0,10,100.0,60000.0,100,60000.0,5.0,70000.0,5,100.0,60000.0,100,22634.3203125,,,0,,,0,60000.0,9.0,61000.0,56,100.0,60000.0,100,22634.3203125,,,0,,,0,60000.0,,,0,100.0,60000.0,100
REO,,,164.57000732421875,,,0,,,0,164.57000732421875,,,0,8.0,100.0,8,164.57000732421875,,,0,,,0,164.57000732421875,,,0,1.0,411.0,1,164.57000732421875,,,0,,,0,164.57000732421875,,,0,,,0
REP,,,740.0,1419.0,740.0,17968,310.0,720.0,7901,724.0,27.0,724.0,13159,162.0,692.0,1877,700.0,127.0,700.0,877,,,0,758.0,1.0,758.0,12562,552.0,755.0,10529,800.0,116.0,800.0,1116,50.0,600.0,50,749.0,301.0,749.0,13657,599.0,701.0,9836
RG,,,1100.0,1000.0,1300.0,4660,500.0,1150.0,6856,1380.0,149.0,1380.0,1459,200.0,900.0,817,1200.0,,,0,,,0,1310.0,605.0,1310.0,25803,140.0,1000.0,9902,816.0700073242188,120.0,850.0,130,,,0,1171.3499755859375,70.0,1170.0,7419,200.0,1050.0,900
RGO,,,2500.0,3.0,2490.0,91,315.0,1800.0,405,2250.0,10.0,2250.0,130,100.0,1210.0,554,794.6500244140625,,,0,,,0,1800.0,41.0,2350.0,3693,100.0,1700.0,299,794.6500244140625,,,0,,,0,2000.0,44.0,2000.0,138,77.0,1000.0,77
RHP,,,3400.0,1188.0,3400.0,1600,42.0,2500.0,42,4670.0,4.0,4660.0,272,,,0,2691.989990234375,,,0,,,0,5000.0,,,0,,,0,2691.989990234375,,,0,,,0,5000.0,40.0,5000.0,80,,,0
ROM,,,4658.330078125,300.0,4600.0,560,100.0,4100.0,578,4500.0,169.0,4500.0,373,100.0,3800.0,100,1901.5400390625,,,0,,,0,4290.0,56.0,4290.0,2081,100.0,3950.0,960,1901.5400390625,10.0,4500.0,40,,,0,3800.0,30.0,4000.0,30,,,0
RSE,,,26262.5,152.0,26300.0,2036,34.0,25000.0,773,28000.0,14.0,27800.0,137,22.0,25000.0,374,25000.0,2.0,25000.0,12,,,0,27000.0,100.0,27500.0,607,1.0,25600.0,1261,11854.509765625,20.0,29000.0,69,,,0,25000.0,73.0,27400.0,463,19.0,25000.0,319
RSH,,,25000.0,200.0,29500.0,2702,301.0,25000.0,301,25000.0,10.0,27400.0,42,,,0,17252.720703125,,,0,,,0,24500.0,40.0,29000.0,5439,,,0,17252.720703125,38.0,40000.0,38,,,0,43000.0,18.0,39000.0,148,100.0,25000.0,100
RSI,,,500.0,616.0,500.0,2131,,,0,700.0,172.0,700.0,1110,10.0,500.0,10,681.4400024414062,,,0,,,0,1170.0,22.0,1170.0,5940,475.0,500.0,475,681.4400024414062,,,0,,,0,1000.0,196.0,1000.0,1792,,,0
RTA,,,15930.0,24.0,16000.0,840,20.0,13100.0,667,15200.0,5.0,15100.0,301,20.0,12500.0,192,17300.0,4.0,17300.0,4,,,0,16500.0,109.0,16500.0,1206,246.0,13600.0,25924,8976.76953125,40.0,20000.0,40,,,0,14000.0,6.0,15300.0,514,30.0,14000.0,261
S,,,120.0,494.0,223.0,15587,609.0,120.0,3550,233.0,286.0,233.0,3390,,,0,250.0,120.0,250.0,320,,,0,142.0,2681.0,190.0,31948,2186.0,142.0,5186,145.0,,,0,100.0,145.0,100,100.0,1460.0,125.0,3357,20.0,100.0,120
SA,,,9000.0,96.0,12000.0,96,8.0,9000.0,98,9000.0,,,0,10.0,9000.0,11,3395.0,,,0,,,0,12400.0,23.0,12400.0,35,10.0,9000.0,10,3395.0,,,0,,,0,27500.0,66.0,15000.0,66,10.0,9000.0,10
SAL,,,9880.0,124.0,9880.0,124,10.0,9000.0,393,6500.0,110.0,9800.0,323,10.0,9000.0,30,3395.0,,,0,,,0,10800.0,86.0,10800.0,330,10.0,9000.0,371,3395.0,,,0,,,0,9000.0,10.0,10000.0,94,10.0,9000.0,10
SAR,,,34300.0,81.0,34300.0,673,75.0,33000.0,351,39500.0,10.0,38900.0,154,100.0,30700.0,285,9548.7099609375,,,0,,,0,32500.0,30.0,34000.0,160,18.0,32500.0,312,9548.7099609375,10.0,34000.0,10,,,0,35000.0,61.0,35000.0,483,30.0,30000.0,40
SBU,,,31500.0,100.0,34000.0,100,4.0,30000.0,5,34000.0,23.0,34000.0,123,6.0,26000.0,6,14796.6103515625,,,0,,,0,29500.0,77.0,34000.0,177,22.0,29500.0,25,14796.6103515625,,,0,5.0,20000.0,5,31400.0,2.0,31400.0,202,,,0
SC,,,900.0,755.0,900.0,4700,2.0,680.0,2152,839.0,101.0,839.0,6531,200.0,700.0,200,1410.0,96.0,1410.0,196,100.0,800.0,100,790.0,777.0,790.0,11986,373.0,580.0,3547,975.0,248.0,975.0,273,,,0,750.0,400.0,900.0,4506,372.0,750.0,492
SCB,,,150000.0,3.0,150000.0,3,,,0,50000.0,1.0,100000.0,9,,,0,54548.37890625,,,0,,,0,72000.0,9.0,72000.0,13,,,0,54548.37890625,,,0,,,0,100000.0,,,0,,,0
SCN,,,2246.25,17.0,2250.0,3126,10.0,2060.0,818,2400.0,435.0,2400.0,4099,17.0,2390.0,1212,2500.0,340.0,2500.0,2833,,,0,2440.0,1680.0,2440.0,4030,20.0,2130.0,2321,2500.0,46.0,2500.0,306,,,0,2260.0,168.0,2470.0,4308,56.0,2210.0,1106
SCR,82.0,,215.0,100.0,200.0,7243,2365.0,83.69999694824219,4465,145.0,282.0,145.0,4864,1000.0,95.0,1100,100.0,183.0,100.0,183,,,0,120.0,44.0,199.0,2544,4540.0,120.0,5815,150.0,15.0,144.0,15,,,0,85.0,268.0,200.0,610,10.0,85.0,110
SDM,,,1106540.75,3.0,3900000.0,4,1.0,1900000.0,1,1106540.75,,,0,,,0,1106540.75,,,0,,,0,2500000.0,,,0,,,0,1106540.75,,,0,,,0,1106540.75,,,0,,,0
SDR,100000.0,,100000.0,16.0,101000.0,56,100.0,100000.0,100,100000.0,,,0,100.0,100000.0,100,37279.75,,,0,,,0,100000.0,,,0,100.0,100000.0,100,37279.75,,,0,,,0,100000.0,19.0,110000.0,19,100.0,100000.0,100
SEA,,,148.0,303.0,148.0,168953,1477.0,133.0,178212,149.44000244140625,2000.0,149.0,27179,100000.0,1.0,100000,120.0,,,0,,,0,143.0,10042.0,143.0,76838,232.0,140.0,114726,175.0,4645.0,175.0,4645,,,0,145.0,1267.0,145.0,75840,807.0,60.09999847412109,104757
SEN,,,750.0,220.0,769.0,15869,9254.0,750.0,15303,750.0,326.0,790.0,2347,1580.0,750.0,3080,1300.0,,,0,50.0,610.0,100,800.0,1975.0,800.0,12091,4830.0,750.0,9911,830.0,,,0,,,0,759.0,635.0,759.0,5672,500.0,700.0,1971
SEQ,,,18000.0,1.0,19000.0,1,7.0,18000.0,181,16000.0,,,0,18.0,16000.0,18,8084.2998046875,,,0,,,0,17000.0,2.0,19000.0,2,3.0,17000.0,154,8084.2998046875,,,0,,,0,21000.0,,,0,10.0,16000.0,20
SF,6.0,18.0,15.15999984741211,45912.0,15.5,3160613,2635.0,15.100000381469728,1001217,14.0,7228.0,14.0,956915,13998.0,13.100000381469728,1046653,16.0,29015.0,16.0,32215,1000.0,13.0,1000,15.300000190734863,9400.0,15.300000190734863,3318711,336293.0,14.399999618530272,569154,16.0,9298.0,16.0,35963,20000.0,8.0,29490,15.800000190734863,52643.0,15.800000190734863,1812289,20000.0,15.100000381469728,212363
SFE,,,60000.0,6.0,60000.0,17,2.0,51000.0,2,57000.0,20.0,58000.0,24,,,0,25126.7890625,,,0,,,0,57000.0,9.0,57000.0,94,10.0,53000.0,16,25126.7890625,,,0,,,0,58000.0,43.0,58000.0,44,9.0,50000.0,11
SFK,,,100.0,4979.0,100.0,75734,600.0,80.0,28241,100.0,499.0,100.0,58357,300.0,76.0,300,75.0,,,0,,,0,68.5,437.0,73.80000305175781,212081,40000.0,68.5,103866,50.0,90.0,50.0,446,,,0,99.6999969482422,500.0,99.5999984741211,94365,5449.0,70.0,25449
SFL,,,79000.0,1.0,79000.0,3,,,0,124000.0,1.0,124000.0,39,,,0,30779.7109375,,,0,,,0,90000.0,1.0,94900.0,7,,,0,30779.7109375,,,0,,,0,147000.0,1.0,133000.0,16,,,0
SI,,,2100.0,323.0,2250.0,12537,640.0,2100.0,6911,2070.0,333.0,2070.0,3378,806.0,1850.0,9277,2100.0,,,0,,,0,1850.0,107.0,2290.0,24194,88.0,1850.0,5101,1900.0,60.0,1900.0,60,,,0,1840.0,226.0,2100.0,2365,179.0,1840.0,4835
SIL,,,2840.0,88.0,2840.0,621,,,0,1490.0,840.0,1190.0,1624,12.0,600.0,12,2262.06005859375,4.0,10000.0,4,,,0,3290.0,1.0,3290.0,1961,,,0,2262.06005859375,10.0,3500.0,14,,,0,2420.0,15.0,2420.0,869,,,0
SIO,38.0,,238.0,331.0,238.0,27354,100.0,170.0,36558,92.5,7290.0,115.0,35765,100.0,93.0,12911,140.0,,,0,,,0,132.0,223.0,132.0,56612,919.0,90.3000030517578,51387,125.0,528.0,125.0,528,,,0,147.0,1273.0,147.0,3874,2298.0,115.0,14961
SNM,,,110000.0,1.0,110000.0,12,10.0,100000.0,40,100000.0,,,0,10.0,90000.0,10,76472.2734375,,,0,,,0,105000.0,1.0,108000.0,39,2.0,90000.0,32,76472.2734375,,,0,,,0,109000.0,10.0,109000.0,19,10.0,100000.0,11
SOI,,,575.0,22.0,725.0,9050,747.0,265.0,1358,624.0,234.0,624.0,480,1000.0,301.0,2423,450.0,,,0,,,0,500.0,528.0,500.0,22935,1000.0,447.0,7121,450.0,500.0,745.0,548,,,0,418.6700134277344,480.0,529.0,3648,440.0,410.0,7759
SOL,,,1270.0,37.0,1270.0,3474,1000.0,400.0,1000,1200.0,180.0,1390.0,574,100.0,1000.0,825,445.8999938964844,,,0,,,0,1110.0,461.0,1200.0,2835,400.0,910.0,1416,445.8999938964844,20.0,1200.0,20,,,0,1480.0,25.0,1390.0,327,1000.0,1000.0,2774
SP,2500.0,,2510.0,7963.0,2800.0,24487,404.0,2510.0,504,2500.0,90.0,2720.0,4452,100.0,2500.0,100,2900.0,2.0,2900.0,180,,,0,2620.0,1.0,2620.0,73715,100.0,2500.0,110,2560.0,88.0,2560.0,88,,,0,2800.0,2263.0,2800.0,15037,100.0,2500.0,100
SPT,,,400.0,4435.0,1100.0,26148,80.0,400.0,80,189.0,100.0,470.0,200,,,0,189.0,,,0,,,0,1340.0,397.0,640.0,20398,1000.0,269.0,1000,189.0,,,0,,,0,800.0,499.0,800.0,499,,,0
SRD,,,70000.0,40.0,100000.0,40,100.0,70000.0,100,100000.0,20.0,100000.0,20,100.0,70000.0,100,29443.779296875,,,0,,,0,80000.0,100.0,80000.0,100,100.0,70000.0,100,29443.779296875,,,0,,,0,70000.0,34.0,100000.0,34,100.0,70000.0,100
SRP,,,19900.0,200.0,19500.0,390,100.0,4000.0,200,20000.0,133.0,20000.0,133,,,0,6950.52978515625,,,0,,,0,25000.0,78.0,25000.0,100,250.0,15000.0,350,6950.52978515625,,,0,,,0,6950.52978515625,200.0,20000.0,200,,,0
SSC,,,489.0,80.0,489.0,10986,149.0,411.0,1334,380.0,102.0,550.0,3369,19.0,380.0,2815,500.0,,,0,,,0,580.0,155.0,580.0,18784,238.0,440.0,6569,450.0,45.0,450.0,275,,,0,510.0,5467.0,510.0,9522,46.0,350.0,1135
SSL,,,50000.0,10.0,65000.0,12,,,0,35000.0,13.0,35000.0,20,,,0,18158.619140625,,,0,,,0,47300.0,24.0,47300.0,54,,,0,18158.619140625,,,0,,,0,45000.0,26.0,45000.0,28,,,0
SST,,,3795380.5,,,0,,,0,3795380.5,,,0,,,0,3795380.5,,,0,,,0,3795380.5,,,0,,,0,3795380.5,,,0,,,0,3795380.5,,,0,,,0
STL,,,2250.0,6.0,2250.0,5126,335.0,2050.0,6736,1970.0,14.0,2140.0,1232,1417.0,1970.0,4118,1600.0,,,0,,,0,1836.75,1566.0,1840.0,19064,572.0,1780.0,6369,1900.0,,,0,,,0,2360.0,136.0,2350.0,3501,200.0,1810.0,3424
STR,1750.0,,2000.0,9.0,5000.0,89,107.0,1850.0,1672,1760.0,18.0,2890.0,43,68.0,1760.0,268,2350.0,1.0,2350.0,1,,,0,3250.0,875.0,3250.0,1018,100.0,1760.0,324,2000.0,30.0,1950.0,30,,,0,2900.0,40.0,2890.0,3104,76.0,2110.0,496
STS,,,154000.0,1.0,154000.0,60,,,0,155000.0,2.0,179000.0,2,,,0,95518.15625,,,0,,,0,165000.0,6.0,165000.0,32,,,0,95518.15625,,,0,,,0,189000.0,2.0,189000.0,2,1.0,1.0,1
SU,,,300000.0,2.0,160000.0,2,5.0,120000.0,5,200000.0,,,0,,,0,110719.96875,,,0,,,0,300000.0,,,0,,,0,110719.96875,,,0,,,0,110719.96875,,,0,,,0
SUD,100000.0,,150000.0,,,0,10.0,101000.0,110,100000.0,,,0,100.0,100000.0,100,37925.1015625,,,0,,,0,83000.0,,,0,100.0,100000.0,100,37925.1015625,,,0,,,0,100000.0,,,0,100.0,100000.0,100
SUN,,,590.0,320.0,590.0,5700,380.0,520.0,1915,489.0,380.0,489.0,4540,13.0,351.0,233,475.0,200.0,1000.0,200,,,0,649.0,700.0,649.0,2751,60.0,526.0,13487,500.0,120.0,600.0,240,,,0,500.0,4960.0,639.0,6307,100.0,500.0,100
SWF,,,190.0,3594.0,190.0,78169,1000.0,174.0,139630,190.0,1710.0,189.0,46658,1730.0,165.0,106724,80.22000122070312,,,0,,,0,188.0,3160.0,188.0,72935,2000.0,167.0,113057,110.0,100.0,240.0,100,,,0,180.0,62.0,180.0,50522,2000.0,141.0,103100
TA,,,11600.0,146.0,11600.0,495,10.0,10200.0,60,9767.7001953125,219.0,13000.0,219,4.0,8000.0,16,6462.43017578125,,,0,50.0,8000.0,50,13500.0,28.0,13500.0,2976,20.0,9000.0,620,6462.43017578125,10.0,10400.0,10,,,0,9789.849609375,100.0,13000.0,198,,,0
TAC,,,91458.328125,2.0,600000.0,43,30.0,150000.0,30,500000.0,1.0,475000.0,1,,,0,91458.328125,,,0,,,0,550000.0,6.0,500000.0,6,,,0,91458.328125,,,0,,,0,91458.328125,,,0,2.0,50000.0,2
TAI,,,1100.0,400.0,1100.0,1240,350.0,672.0,2914,700.0,107.0,3900.0,709,499.0,700.0,2199,121.01000213623048,,,0,,,0,995.7999877929688,100.0,5000.0,9100,100.0,700.0,2432,812.0,10.0,1000.0,10,,,0,800.0,,,0,100.0,602.0,1300
TBU,,,58938.69921875,63.0,58000.0,63,20.0,55000.0,40,58000.0,17.0,58000.0,117,15.0,50000.0,30,22694.48046875,,,0,,,0,57000.0,50.0,58000.0,100,10.0,57000.0,42,22694.48046875,,,0,,,0,58000.0,1.0,57900.0,184,,,0
TC,,,7500.0,191.0,8500.0,650,,,0,15000.0,,,0,10.0,2300.0,41,3830.89990234375,,,0,,,0,20000.0,50.0,35000.0,50,,,0,7500.0,10.0,18000.0,10,,,0,10000.0,,,0,80.0,6600.0,196
TCB,,,19000.0,,,0,,,0,16800.0,1.0,25000.0,2,,,0,9647.73046875,,,0,,,0,38000.0,1.0,29900.0,10,,,0,9647.73046875,,,0,,,0,28000.0,,,0,,,0
TCL,,,3690.93994140625,266.0,3990.0,1766,307.0,3120.0,7487,3800.0,339.0,3800.0,2434,100.0,3020.0,1328,4000.0,12.0,3500.0,441,,,0,3492.820068359375,500.0,3400.0,4330,500.0,3300.0,5590,1903.9000244140625,20.0,3500.0,20,,,0,3985.31005859375,99.0,3990.0,2418,20.0,3020.0,2237
TCO,,,1000.0,65.0,1000.0,1565,387.0,511.0,1053,750.0,12.0,1000.0,284,200.0,400.0,409,560.0,306.0,500.0,306,,,0,500.0,1148.0,900.0,1820,670.0,500.0,670,130.0,25.0,130.0,585,,,0,1000.0,19.0,1000.0,19,500.0,500.0,500
TCS,,,4500.0,462.0,4800.0,1195,100.0,4100.0,456,4300.0,298.0,4300.0,342,362.0,2510.0,582,3600.0,47.0,3600.0,292,,,0,4390.0,1668.0,4390.0,5486,170.0,3250.0,3828,2600.0,,,0,,,0,4000.0,,,0,300.0,3010.0,340
TCU,,,164000.0,2.0,164000.0,18,2.0,90000.0,4,150000.0,1.0,250000.0,1,2.0,120000.0,2,69644.7890625,,,0,,,0,170000.0,4.0,170000.0,4,1.0,90000.0,3,69644.7890625,,,0,,,0,250000.0,5.0,175000.0,6,,,0
THF,,,470.0,460.0,470.0,7881,400.0,410.0,11691,500.0,3296.0,500.0,5705,,,0,380.0,40.0,380.0,880,,,0,476.75,242.0,477.0,30219,855.0,445.0,12887,450.0,83.0,450.0,83,,,0,475.0,1393.0,475.0,6400,50.0,260.0,650
THP,,,4541.669921875,100.0,4800.0,289,20.0,4500.0,120,4800.0,10.0,4900.0,556,,,0,2398.5,,,0,,,0,7000.0,59.0,7000.0,59,,,0,2398.5,,,0,,,0,4600.0,80.0,4790.0,267,,,0
TI,,,2700.0,805.0,2700.0,7740,180.0,2500.0,20990,2210.0,102.0,2990.0,1283,1000.0,2300.0,5263,2000.0,,,0,,,0,2450.0,200.0,3400.0,14126,475.0,2450.0,10942,2500.0,96.0,2500.0,96,,,0,2630.0,86.0,2600.0,769,1000.0,2000.0,4621
TIO,74.0,,250.0,600.0,325.0,38605,200.0,206.0,10469,242.88999938964844,250.0,286.0,5349,150.0,161.0,950,330.0,,,0,,,0,240.0,10.0,240.0,62843,463.0,141.0,17063,74.80999755859375,100.0,220.0,100,,,0,269.3099975585937,1361.0,250.0,3224,100.0,180.0,2703
TK,,,40000.0,1.0,45000.0,1,,,0,40000.0,8.0,37500.0,13,,,0,20209.48046875,,,0,,,0,43500.0,4.0,40000.0,71,30.0,30000.0,30,20209.48046875,5.0,41100.0,5,,,0,39500.0,1.0,40000.0,1,,,0
TOR,,,280337.15625,,,0,,,0,280337.15625,,,0,,,0,280337.15625,,,0,,,0,280337.15625,,,0,,,0,280337.15625,,,0,,,0,280337.15625,,,0,,,0
TPU,,,3000.0,92.0,3490.0,492,64.0,3060.0,1088,3990.0,80.0,3990.0,320,,,0,1173.27001953125,,,0,,,0,4000.0,111.0,4000.0,404,40.0,3600.0,624,1000.0,5.0,4000.0,5,,,0,3990.0,423.0,3990.0,423,,,0
TRA,,,1500.0,492.0,2790.0,3162,100.0,2100.0,200,2290.0,105.0,2290.0,355,50.0,1800.0,50,838.6799926757812,,,0,,,0,2000.0,65.0,2000.0,1092,222.0,1800.0,472,838.6799926757812,10.0,2000.0,10,,,0,2700.0,11.0,2500.0,29,14.0,1800.0,14
TRN,,,426.3399963378906,8820.0,479.0,35507,1120.0,425.0,117099,440.0,2000.0,499.0,6577,100.0,450.0,103605,600.0,,,0,,,0,470.0,775.0,470.0,20523,269.0,423.0,108189,50.0,200.0,515.0,200,,,0,444.0,170.0,440.0,17600,5000.0,376.0,108558
TRS,,,249000.0,5.0,250000.0,5,10.0,170000.0,20,100147.40625,1.0,250000.0,1,,,0,100147.40625,,,0,,,0,250000.0,,,0,,,0,100147.40625,,,0,,,0,100147.40625,,,0,,,0
TRU,,,500.0,298.0,500.0,25267,22.0,465.0,22815,571.0,20.0,571.0,9759,6.0,460.0,4091,600.0,85.0,600.0,85,,,0,490.0,9.0,500.0,16248,465.0,455.0,12738,580.0,60.0,580.0,1101,,,0,579.0,115.0,499.0,10361,4.0,426.0,7258
TS,,,496.0,2.0,479.0,5979,300.0,155.0,694,100.0,547.0,199.0,1447,4.0,70.0,721,74.80999755859375,,,0,,,0,120.0,588.0,170.0,4679,363.0,60.09999847412109,523,74.80999755859375,10.0,399.0,10,,,0,80.0,,,0,83.0,80.0,83
TSH,,,32000.0,10.0,37000.0,6236,10.0,31000.0,70,34500.0,45.0,34500.0,76,5.0,28000.0,5,30000.0,,,0,,,0,30000.0,64.0,30000.0,5375,14.0,29000.0,203,16479.69921875,10.0,30000.0,18,,,0,30000.0,143.0,30000.0,763,10.0,25000.0,50
TUB,,,245.0,2649.0,245.0,17686,1214.0,163.0,11114,249.0,500.0,250.0,22691,500.0,177.0,500,270.0,11.0,270.0,746,,,0,209.0,60.0,200.0,24262,1105.0,177.0,15105,180.0,274.0,180.0,714,,,0,255.0,100.0,200.0,68262,1500.0,145.0,12968
UTS,3500.0,,5100.0,8.0,6490.0,521,77.0,5100.0,1229,6000.0,8.0,6000.0,156,20.0,5050.0,657,5200.0,90.0,5200.0,200,,,0,6449.75,48.0,6950.0,424,8.0,5010.0,1936,4640.0,6.0,4640.0,9,,,0,8500.0,37.0,8500.0,237,4.0,5060.0,1196
VCB,,,799000.0,2.0,800000.0,2,,,0,935000.0,1.0,900000.0,4,,,0,327138.125,,,0,,,0,760000.0,1.0,769000.0,3,,,0,327138.125,,,0,,,0,869000.0,1.0,837000.0,3,,,0
VEG,88.0,,251.0,2003.0,270.0,54428,855.0,251.0,5714,310.0,67.0,310.0,8317,40.0,275.0,9315,180.0,,,0,,,0,339.0,2929.0,339.0,25885,2500.0,261.0,19641,300.0,25.0,310.0,2775,837.0,300.0,837,250.0,724.0,298.0,31469,3270.0,250.0,18361
VF,,,22.899999618530277,110000.0,22.899999618530277,709199,10.0,15.0,110,34.70000076293945,4999.0,34.70000076293945,22472,,,0,16.1299991607666,,,0,,,0,49.900001525878906,4500.0,47.900001525878906,40000,,,0,16.1299991607666,,,0,,,0,16.1299991607666,,,0,,,0
VFT,,,865925.3125,1.0,2600000.0,1,,,0,865925.3125,,,0,,,0,865925.3125,,,0,,,0,865925.3125,,,0,,,0,865925.3125,,,0,,,0,865925.3125,,,0,,,0
VG,,,2300.0,112.0,2300.0,2503,20.0,1850.0,4135,2420.0,167.0,2420.0,8020,35.0,2000.0,335,3200.0,10.0,5000.0,10,,,0,2360.0,165.0,2360.0,2890,16.0,2100.0,2360,2000.0,20.0,2400.0,220,,,0,2340.0,75.0,2340.0,7692,20.0,2150.0,2399
VIT,,,575.0,534.0,575.0,5464,388.0,510.0,928,750.0,698.0,750.0,33192,,,0,324.4700012207031,,,0,,,0,740.0,585.0,740.0,734,,,0,324.4700012207031,,,0,,,0,779.0,149.0,779.0,2143,,,0
VOE,,,2913586.75,1.0,5500000.0,1,,,0,2913586.75,,,0,,,0,2913586.75,,,0,,,0,2913586.75,,,0,,,0,2913586.75,,,0,,,0,2913586.75,,,0,,,0
VOR,,,2518066.5,,,0,,,0,2518066.5,,,0,,,0,2518066.5,,,0,,,0,2518066.5,,,0,,,0,2518066.5,,,0,,,0,2518066.5,,,0,,,0
VSC,,,31000.0,3.0,31000.0,3,,,0,42000.0,1.0,40000.0,2,,,0,16535.4296875,,,0,,,0,30000.0,3.0,30000.0,5,,,0,16535.4296875,,,0,,,0,16535.4296875,,,0,,,0
W,,,34900.0,26.0,34900.0,1566,200.0,9000.0,10608,15000.0,50.0,14000.0,317,100.0,9300.0,160,6243.66015625,,,0,,,0,11900.0,100.0,11000.0,5522,100.0,9000.0,1156,8900.0,,,0,10.0,8000.0,10,13000.0,14.0,13000.0,72,20.0,8500.0,140
WAI,,,99450.0,3.0,103000.0,147,5.0,95000.0,439,95000.0,3.0,99000.0,80,4.0,93000.0,68,100000.0,50.0,100000.0,261,,,0,116000.0,14.0,116000.0,39,12.0,95000.0,319,51820.4609375,,,0,,,0,99000.0,47.0,99000.0,47,50.0,90000.0,50
WAL,,,3090.0,278.0,5000.0,8620,57.0,3090.0,3157,7500.0,64.0,5000.0,219,1000.0,3010.0,1074,2796.830078125,,,0,,,0,6290.0,500.0,6000.0,7194,20.0,4690.0,2020,2796.830078125,,,0,,,0,6980.0,40.0,10000.0,446,1000.0,3000.0,1000
WCB,,,650000.0,1.0,697000.0,7,1.0,600000.0,8,995000.0,1.0,700000.0,3,2.0,600000.0,2,328698.125,,,0,,,0,649000.0,14.0,650000.0,21,1.0,500000.0,2,328698.125,,,0,,,0,746000.0,1.0,747000.0,8,1.0,200000.0,1
WIN,,,6600.0,287.0,6600.0,12809,300.0,5300.0,2155,5550.0,89.0,6000.0,1193,930.0,5550.0,1230,10000.0,5.0,15000.0,13,,,0,6620.0,24.0,6600.0,8424,189.0,5900.0,2513,12000.0,2.0,6480.0,22,,,0,6820.0,158.0,6820.0,4970,10.0,6300.0,1600
WM,,,11900.0,21.0,11900.0,764,6.0,11000.0,19,19000.0,8.0,15000.0,9,1.0,11000.0,2,6790.0,,,0,,,0,12000.0,248.0,12000.0,421,1.0,11000.0,1,6790.0,,,0,,,0,9800.0,,,0,1.0,11000.0,1
WOR,,,150000.0,16.0,150000.0,21,,,0,100000.0,,,0,,,0,83883.15625,,,0,,,0,160000.0,1.0,160000.0,6,,,0,83883.15625,,,0,,,0,135000.0,,,0,,,0
WR,,,140000.0,1.0,150000.0,2,100.0,140000.0,100,140000.0,,,0,100.0,140000.0,100,78076.21875,,,0,,,0,140000.0,2.0,150000.0,2,100.0,140000.0,100,78076.21875,,,0,,,0,140000.0,,,0,100.0,140000.0,100
WRH,,,3389.909912109375,,,0,,,0,3389.909912109375,,,0,,,0,3389.909912109375,,,0,,,0,3389.909912109375,,,0,,,0,3389.909912109375,,,0,,,0,3389.909912109375,,,0,,,0
WS,,,4750.0,530.0,4750.0,1784,98.0,4600.0,10389,4400.0,188.0,4400.0,1123,81.0,3000.0,10081,6000.0,4.0,6000.0,4,,,0,3850.77001953125,17.0,4500.0,2920,3.0,3800.0,555,2593.969970703125,20.0,5000.0,80,,,0,5280.0,521.0,5280.0,1724,10.0,3520.0,138
ZIR,,,800.0,1000.0,997.0,19710,1000.0,700.0,3928,999.0,1438.0,999.0,1438,20.0,500.0,20,117.5500030517578,,,0,,,0,1190.0,451.0,1190.0,4153,1000.0,290.0,3788,117.5500030517578,20.0,648.0,20,,,0,696.0,400.0,569.0,1910,50.0,550.0,50
ZR,,,16000.0,360.0,16000.0,560,10.0,15000.0,11,15000.0,23.0,15000.0,23,6.0,12000.0,115,5977.02001953125,,,0,,,0,15000.0,40.0,15000.0,594,10.0,1750.0,20,5977.02001953125,10.0,15200.0,10,,,0,12300.0,120.0,15000.0,120,,,0
